patient_age,patient_weight_kg,daily_dose_mg,treatment_duration_days,concomitant_drug_count,interaction_risk_index,renal_impairment_flag,time_to_onset_days,dose_intensity_mg_per_kg,cumulative_dose_mg,polypharmacy_burden,organ_dysfunction_score,onset_to_duration_ratio,patient_sex_Male,drug_class_Antibiotic,drug_class_CNS / Neurological,drug_class_Cardiovascular,drug_class_Immunosuppressant,route_of_administration_Oral,route_of_administration_Subcutaneous,reporting_source_Pharmacist,reporting_source_Physician,serious_adverse_event
42,66.1,136.3,52,5,0.6,0,18,2.0620272314674737,7087.6,8.0,0,0.34615384615384615,True,False,False,True,False,False,True,True,False,1
44,86.6,131.6,28,1,0.46,1,28,1.5196304849884528,3684.7999999999997,1.46,1,1.0,True,True,False,False,False,False,False,False,True,0
44,67.8,61.2,58,3,0.41,1,9,0.9026548672566372,3549.6000000000004,4.2299999999999995,1,0.15517241379310345,True,False,False,False,False,True,False,False,False,0
83,96.6,232.8,93,6,0.82,0,23,2.409937888198758,21650.4,10.919999999999998,1,0.24731182795698925,True,True,False,False,False,False,True,False,False,1
49,71.3,560.7,58,6,0.81,0,25,7.863955119214587,32520.600000000002,10.86,0,0.43103448275862066,True,False,False,False,True,False,True,True,False,1
57,74.7,402.4,65,4,0.53,0,19,5.386880856760374,26156.0,6.12,0,0.2923076923076923,True,False,True,False,False,False,True,True,False,0
64,75.7,449.9,87,0,0.76,1,24,5.943196829590488,39141.299999999996,0.0,1,0.27586206896551724,True,False,False,True,False,True,False,False,False,0
24,89.3,568.2,110,3,0.61,0,15,6.362821948488243,62502.00000000001,4.83,0,0.13636363636363635,True,False,True,False,False,False,True,False,True,1
42,85.6,182.1,47,3,0.2,0,29,2.1273364485981308,8558.699999999999,3.5999999999999996,0,0.6170212765957447,True,False,False,True,False,True,False,False,False,0
65,99.0,261.1,42,0,0.12,0,26,2.637373737373738,10966.2,0.0,1,0.6190476190476191,True,False,False,True,False,False,True,False,False,0
85,94.6,77.9,114,6,0.95,0,20,0.8234672304439747,8880.6,11.7,1,0.17543859649122806,True,False,False,True,False,False,True,True,False,1
32,74.2,201.3,63,0,0.2,0,14,2.7129380053908356,12681.900000000001,0.0,0,0.2222222222222222,False,True,False,False,False,False,True,False,False,0
83,91.2,128.5,113,4,0.82,0,25,1.4089912280701753,14520.5,7.279999999999999,1,0.22123893805309736,True,True,False,False,False,False,True,True,False,1
23,82.9,228.4,25,7,0.44,1,12,2.755126658624849,5710.0,10.08,1,0.48,True,False,True,False,False,False,False,True,False,1
44,77.6,184.5,105,6,0.89,1,20,2.377577319587629,19372.5,11.34,1,0.19047619047619047,True,False,False,False,False,False,True,False,False,1
64,96.7,300.5,102,4,0.13,0,8,3.107549120992761,30651.0,4.52,0,0.0784313725490196,False,False,False,False,False,False,False,True,False,1
44,64.4,427.8,86,8,0.11,0,14,6.642857142857142,36790.8,8.88,0,0.16279069767441862,True,False,False,False,False,False,False,False,True,0
53,82.7,175.3,40,2,0.7,1,19,2.119709794437727,7012.0,3.4,2,0.475,False,False,False,False,False,False,False,False,True,0
76,83.3,158.6,26,4,0.59,0,14,1.9039615846338536,4123.599999999999,6.359999999999999,1,0.5384615384615384,False,False,False,True,False,False,True,False,True,1
80,88.1,87.5,7,3,0.24,1,19,0.9931895573212259,612.5,3.7199999999999998,2,2.7142857142857144,True,False,False,False,False,False,True,False,True,1
42,73.3,480.8,28,5,0.87,0,20,6.559345156889496,13462.4,9.350000000000001,0,0.7142857142857143,False,False,False,False,False,True,False,True,False,0
54,54.7,522.2,45,5,0.72,0,18,9.546617915904937,23499.000000000004,8.6,0,0.4,True,False,False,False,False,False,False,False,True,1
45,97.2,524.8,29,1,0.86,0,27,5.39917695473251,15219.199999999999,1.8599999999999999,0,0.9310344827586207,True,False,False,False,False,True,False,False,False,0
63,90.4,244.3,26,5,0.99,0,15,2.702433628318584,6351.8,9.95,0,0.5769230769230769,False,False,False,False,False,False,False,False,False,0
43,64.3,135.4,49,4,0.77,0,12,2.105754276827372,6634.6,7.08,0,0.24489795918367346,False,False,True,False,False,False,True,False,True,0
64,67.3,284.9,103,5,0.36,0,2,4.233283803863299,29344.699999999997,6.799999999999999,0,0.019417475728155338,True,False,False,False,False,False,False,True,False,1
61,59.0,580.4,64,2,0.05,1,13,9.83728813559322,37145.6,2.1,1,0.203125,False,False,False,False,False,True,False,False,False,0
55,93.0,236.7,32,7,0.56,0,11,2.5451612903225804,7574.4,10.92,0,0.34375,False,True,False,False,False,False,True,False,True,1
24,106.8,143.3,65,1,0.85,0,30,1.3417602996254683,9314.5,1.85,0,0.46153846153846156,False,False,True,False,False,False,False,False,False,0
19,72.4,401.0,21,5,0.01,0,18,5.538674033149171,8421.0,5.05,0,0.8571428571428571,True,False,False,True,False,False,False,False,False,1
33,107.0,226.9,15,7,0.43,0,17,2.1205607476635513,3403.5,10.01,1,1.1333333333333333,True,False,False,False,True,True,False,True,False,1
73,69.0,423.2,117,7,0.46,0,13,6.133333333333333,49514.4,10.219999999999999,1,0.1111111111111111,True,True,False,False,False,True,False,False,True,1
37,80.0,593.118,16,5,0.42,0,27,7.413975000000001,9489.888,7.1,0,1.6875,True,True,False,False,False,False,True,True,False,1
71,98.1,538.7,18,2,0.98,0,2,5.491335372069318,9696.6,3.96,1,0.1111111111111111,False,False,False,False,False,False,False,False,False,1
24,59.6,564.6,41,4,0.8,0,23,9.473154362416107,23148.600000000002,7.2,0,0.5609756097560976,False,False,False,False,True,True,False,False,False,0
19,71.9,440.5,46,4,0.1,0,14,6.126564673157162,20263.0,4.4,0,0.30434782608695654,False,False,False,False,False,False,False,False,False,0
45,107.5,293.6,82,1,0.9,0,29,2.7311627906976748,24075.2,1.9,0,0.35365853658536583,True,False,False,False,False,False,False,False,True,0
36,107.5,200.3,119,6,0.07,0,1,1.8632558139534885,23835.7,6.42,0,0.008403361344537815,False,True,False,False,False,True,False,True,False,1
79,62.3,306.1,105,1,0.22,0,27,4.913322632423757,32140.500000000004,1.22,1,0.2571428571428571,True,False,False,False,True,False,True,False,False,1
72,99.8,487.6,30,3,0.17,0,30,4.885771543086173,14628.0,3.51,2,1.0,True,False,False,False,False,False,True,True,False,0
40,75.5,441.8,96,0,0.72,0,13,5.851655629139073,42412.8,0.0,0,0.13541666666666666,True,False,False,False,False,False,True,False,False,0
68,84.7,316.3,72,1,0.38,0,27,3.7343565525383706,22773.600000000002,1.38,1,0.375,True,True,False,False,False,False,True,False,True,1
80,79.8,315.5,73,6,0.4,0,23,3.9536340852130327,23031.5,8.399999999999999,1,0.3150684931506849,True,False,True,False,False,True,False,False,False,0
60,98.1,47.3,16,6,0.42,0,8,0.48216106014271154,756.8,8.52,0,0.5,True,False,False,True,False,True,False,False,True,0
83,56.7,168.3,70,7,0.45,0,5,2.9682539682539684,11781.0,10.15,1,0.07142857142857142,True,False,True,False,False,False,False,True,False,1
26,93.7,278.4,41,3,0.01,1,24,2.971184631803628,11414.4,3.0300000000000002,1,0.5853658536585366,True,False,False,True,False,False,False,True,False,0
53,88.9,182.6,42,7,0.95,0,27,2.0539932508436443,7669.2,13.65,0,0.6428571428571429,True,False,False,False,False,False,True,False,False,0
28,83.3,568.9,104,6,0.88,0,7,6.82953181272509,59165.6,11.28,0,0.0673076923076923,False,False,False,False,False,False,False,False,False,1
67,97.5,310.1,89,2,0.95,0,18,3.1805128205128206,27598.9,3.9,1,0.20224719101123595,True,False,False,False,True,False,True,False,True,1
85,106.2,228.3,101,3,0.01,0,19,2.1497175141242937,23058.300000000003,3.0300000000000002,1,0.18811881188118812,False,False,False,False,True,False,True,True,False,1
55,87.5,160.0,110,0,0.34,0,21,1.8285714285714285,17600.0,0.0,0,0.19090909090909092,False,False,False,True,False,False,True,False,True,0
65,85.2,377.2,114,5,0.37,0,8,4.427230046948356,43000.799999999996,6.8500000000000005,1,0.07017543859649122,True,False,False,False,True,False,True,True,False,1
55,63.7,498.5,98,5,0.42,0,8,7.82574568288854,48853.0,7.1,0,0.08163265306122448,False,False,False,False,False,False,True,True,False,1
52,65.9,176.5,16,1,0.59,0,13,2.6783004552352048,2824.0,1.5899999999999999,0,0.8125,True,False,False,True,False,True,False,False,True,0
34,85.5,376.4,45,8,0.63,0,16,4.40233918128655,16938.0,13.04,0,0.35555555555555557,False,False,False,False,False,False,True,False,True,0
85,86.5,425.5,116,8,0.46,0,30,4.91907514450867,49358.0,11.68,1,0.25862068965517243,False,False,True,False,False,False,False,False,True,1
72,61.4,60.5,6,1,0.54,1,21,0.9853420195439739,363.0,1.54,2,3.5,False,False,True,False,False,False,True,True,False,1
27,84.8,529.8,16,3,0.43,0,12,6.247641509433962,8476.8,4.29,0,0.75,False,False,True,False,False,True,False,False,False,0
59,103.8,452.0,117,4,0.2,0,19,4.354527938342968,52884.0,4.8,0,0.1623931623931624,False,False,False,True,False,False,False,False,True,0
21,53.5,314.0,54,4,0.29,0,2,5.869158878504673,16956.0,5.16,0,0.037037037037037035,True,False,True,False,False,True,False,False,False,1
46,93.6,175.1,6,8,0.93,0,30,1.8707264957264957,1050.6,15.440000000000001,0,5.0,True,False,False,False,False,False,False,True,False,1
42,103.8,194.8,89,0,0.15,0,17,1.876685934489403,17337.2,0.0,0,0.19101123595505617,True,False,False,False,True,True,False,False,True,0
56,54.0,75.4,69,8,0.71,1,18,1.3962962962962964,5202.6,13.68,1,0.2608695652173913,True,False,False,False,False,False,False,True,False,0
32,108.1,146.8,51,8,0.92,0,5,1.3580018501387605,7486.8,15.36,0,0.09803921568627451,True,False,False,False,False,False,False,True,False,1
83,95.6,355.5,6,3,0.58,0,10,3.718619246861925,2133.0,4.74,1,1.6666666666666667,True,False,False,False,True,False,True,False,False,1
27,68.8,505.8,9,7,0.26,0,7,7.3517441860465125,4552.2,8.82,0,0.7777777777777778,True,False,False,False,False,True,False,False,False,1
74,109.4,494.3,6,6,0.73,0,26,4.5182815356489945,2965.8,10.379999999999999,1,4.333333333333333,True,False,False,True,False,True,False,False,False,1
24,99.0,114.3,34,8,0.98,0,15,1.1545454545454545,3886.2,15.84,0,0.4411764705882353,False,False,False,False,False,False,True,False,True,0
41,75.7,331.7,83,6,0.4,0,22,4.381770145310435,27531.1,8.399999999999999,1,0.26506024096385544,True,False,True,False,False,False,False,False,True,0
70,85.0,286.2,9,6,0.92,0,24,3.3670588235294114,2575.7999999999997,11.52,1,2.6666666666666665,True,False,True,False,False,True,False,False,False,1
20,105.9,117.1,99,7,0.91,0,28,1.10576015108593,11592.9,13.370000000000001,0,0.2828282828282828,True,False,True,False,False,False,True,True,False,1
81,91.9,101.5,26,6,0.19,0,21,1.1044613710554951,2639.0,7.14,1,0.8076923076923077,True,False,True,False,False,False,True,False,False,1
20,59.7,161.1,104,5,0.27,0,18,2.6984924623115574,16754.399999999998,6.35,0,0.17307692307692307,True,True,False,False,False,False,True,True,False,1
81,95.4,24.5,85,8,0.77,0,1,0.25681341719077566,2082.5,14.16,1,0.011764705882352941,False,False,True,False,False,False,True,False,False,1
70,100.8,436.6,8,2,0.47,1,26,4.3313492063492065,3492.8,2.94,3,3.25,False,False,False,False,True,True,False,False,False,0
83,56.1,326.6,42,8,0.44,0,24,5.8217468805704105,13717.2,11.52,1,0.5714285714285714,True,False,False,False,True,False,True,True,False,0
69,67.9,495.3,102,3,0.92,0,24,7.294550810014727,50520.6,5.76,1,0.23529411764705882,False,False,False,False,False,True,False,True,False,1
66,101.0,134.9,10,6,0.95,0,13,1.3356435643564357,1349.0,11.7,1,1.3,False,False,False,False,False,False,True,True,False,1
70,97.3,36.9,94,0,0.05,0,28,0.37923946557040084,3468.6,0.0,1,0.2978723404255319,False,False,True,False,False,True,False,False,True,1
26,53.6,32.7,54,2,0.04,0,26,0.6100746268656717,1765.8000000000002,2.08,0,0.48148148148148145,False,False,True,False,False,False,False,False,False,0
68,90.1,338.8,41,5,0.69,0,23,3.7602663706992234,13890.800000000001,8.45,1,0.5609756097560976,True,False,True,False,False,False,False,False,True,0
54,77.3,451.5,97,3,0.82,0,21,5.840879689521346,43795.5,5.459999999999999,0,0.21649484536082475,False,False,False,False,False,True,False,False,True,0
20,57.1,126.0,28,2,0.29,1,5,2.2066549912434326,3528.0,2.58,1,0.17857142857142858,False,False,False,False,False,False,True,False,False,0
73,96.3,413.3,70,1,0.64,0,6,4.291796469366563,28931.0,1.6400000000000001,1,0.08571428571428572,False,False,False,False,False,True,False,False,True,0
65,87.4,274.2,28,7,0.2,0,2,3.1372997711670476,7677.599999999999,8.4,2,0.07142857142857142,False,False,True,False,False,False,True,False,True,1
44,105.0,289.6,88,6,0.01,0,21,2.758095238095238,25484.800000000003,6.0600000000000005,0,0.23863636363636365,False,False,False,True,False,True,False,True,False,1
41,53.6,525.8,6,0,0.63,0,28,9.809701492537313,3154.7999999999997,0.0,0,4.666666666666667,True,False,False,False,False,False,False,False,True,1
26,105.5,137.8,8,6,0.93,0,9,1.3061611374407585,1102.4,11.580000000000002,0,1.125,False,False,False,False,False,False,False,False,True,1
63,104.1,437.5,117,1,0.95,1,6,4.20268972142171,51187.5,1.95,1,0.05128205128205128,False,False,False,True,False,False,False,False,True,1
31,53.0,195.3,39,0,0.24,0,21,3.6849056603773587,7616.700000000001,0.0,0,0.5384615384615384,True,True,False,False,False,False,True,False,False,0
28,107.7,297.0,45,8,0.09,1,10,2.7576601671309193,13365.0,8.72,1,0.2222222222222222,False,True,False,False,False,True,False,False,True,0
48,76.3,550.8,101,4,0.48,0,18,7.218872870249017,55630.799999999996,5.92,0,0.1782178217821782,False,False,True,False,False,True,False,False,True,0
65,64.0,335.6,33,4,0.8,0,30,5.24375,11074.800000000001,7.2,1,0.9090909090909091,False,True,False,False,False,False,True,False,False,1
80,95.4,107.0,92,1,0.22,0,22,1.121593291404612,9844.0,1.22,1,0.2391304347826087,False,False,False,False,True,False,True,False,True,0
56,53.9,580.6,11,7,0.48,0,22,10.771799628942487,6386.6,10.36,0,2.0,True,False,False,False,False,False,True,False,True,1
19,105.6,413.5,84,4,0.65,0,22,3.9157196969696972,34734.0,6.6,0,0.2619047619047619,True,False,True,False,False,False,True,False,False,1
39,93.2,36.4,119,0,0.94,0,12,0.39055793991416304,4331.599999999999,0.0,1,0.10084033613445378,False,False,True,False,False,False,True,False,False,0
44,104.9,52.9,72,4,0.07,0,22,0.5042897998093422,3808.7999999999997,4.28,1,0.3055555555555556,False,False,False,False,False,False,False,True,False,0
20,52.2,279.8,68,7,0.79,0,25,5.36015325670498,19026.4,12.530000000000001,0,0.36764705882352944,True,False,False,False,False,False,True,False,True,1
19,91.9,461.5,87,0,0.16,0,25,5.021762785636561,40150.5,0.0,1,0.28735632183908044,True,False,True,False,False,False,True,False,True,0
69,77.6,549.9,118,4,0.75,0,19,7.086340206185567,64888.2,7.0,1,0.16101694915254236,False,False,True,False,False,True,False,True,False,1
38,79.6,360.2,118,0,0.75,0,28,4.525125628140704,42503.6,0.0,0,0.23728813559322035,True,False,False,False,False,False,False,False,True,0
35,107.3,198.1,62,6,0.3,0,12,1.8462255358807083,12282.199999999999,7.800000000000001,0,0.1935483870967742,False,False,True,False,False,False,False,True,False,0
71,85.1,180.3,81,4,0.65,1,17,2.1186839012925973,14604.300000000001,6.6,3,0.20987654320987653,True,False,False,False,True,True,False,True,False,0
57,98.5,538.1,117,0,0.57,0,24,5.462944162436548,62957.700000000004,0.0,0,0.20512820512820512,True,False,False,False,False,False,True,True,False,0
50,68.5,378.8,96,7,0.37,0,16,5.52992700729927,36364.8,9.59,0,0.16666666666666666,True,False,False,True,False,True,False,True,False,0
77,89.0,268.5,79,5,0.34,0,26,3.0168539325842696,21211.5,6.7,1,0.3291139240506329,True,False,True,False,False,False,True,False,False,1
54,99.7,326.0,115,1,0.28,1,17,3.2698094282848547,37490.0,1.28,1,0.14782608695652175,False,False,True,False,False,False,False,False,True,1
43,85.7,481.6,72,6,0.67,0,9,5.619603267211202,34675.200000000004,10.02,0,0.125,False,False,False,True,False,True,False,False,True,0
80,86.3,91.6,84,3,0.42,0,3,1.0614136732329085,7694.4,4.26,1,0.03571428571428571,False,False,False,True,False,False,True,False,True,1
37,86.7,278.6,69,0,0.93,0,10,3.213379469434833,19223.4,0.0,0,0.14492753623188406,True,True,False,False,False,False,True,False,True,0
20,63.0,589.9,73,4,0.45,0,6,9.363492063492064,43062.7,5.8,0,0.0821917808219178,False,False,False,False,False,False,True,False,True,1
26,55.0,246.2,117,2,0.28,0,21,4.4763636363636365,28805.399999999998,2.56,0,0.1794871794871795,False,False,False,False,False,True,False,True,False,0
81,106.9,290.3,58,2,0.32,0,9,2.715622076707203,16837.4,2.64,1,0.15517241379310345,True,False,False,True,False,True,False,False,False,1
80,55.4,481.2,55,7,0.85,0,1,8.68592057761733,26466.0,12.950000000000001,1,0.01818181818181818,True,False,False,True,False,True,False,False,True,0
61,67.4,237.1,77,8,0.83,0,6,3.51780415430267,18256.7,14.64,0,0.07792207792207792,False,True,False,False,False,False,True,False,False,1
26,79.4,270.1,26,2,0.24,0,14,3.4017632241813605,7022.6,2.48,0,0.5384615384615384,True,False,False,True,False,True,False,True,False,0
68,82.8,29.3,63,8,0.06,0,28,0.3538647342995169,1845.9,8.48,1,0.4444444444444444,True,False,False,False,False,True,False,False,True,1
31,79.0,200.8,99,7,0.25,0,28,2.5417721518987344,19879.2,8.75,0,0.2828282828282828,True,False,False,False,True,True,False,False,True,1
68,63.2,145.0,110,1,0.73,0,11,2.2943037974683542,15950.0,1.73,1,0.1,False,True,False,False,False,True,False,True,False,0
49,108.4,323.4,21,7,0.13,0,23,2.983394833948339,6791.4,7.909999999999999,0,1.0952380952380953,True,False,False,False,True,True,False,False,True,1
27,62.4,557.2,95,7,0.54,1,24,8.92948717948718,52934.00000000001,10.780000000000001,1,0.25263157894736843,True,False,False,False,False,False,True,False,True,0
84,92.6,59.7,31,4,0.09,0,27,0.644708423326134,1850.7,4.36,1,0.8709677419354839,True,False,False,True,False,False,False,True,False,0
67,102.2,87.3,39,4,0.27,0,24,0.8542074363992171,3404.7,5.08,1,0.6153846153846154,False,False,False,False,False,False,True,False,False,0
72,52.7,384.5,80,0,0.48,0,27,7.2960151802656545,30760.0,0.0,1,0.3375,True,False,False,False,False,False,True,True,False,1
62,98.7,498.8,112,2,0.68,1,17,5.053698074974671,55865.6,3.3600000000000003,1,0.15178571428571427,True,False,False,False,False,False,True,True,False,1
71,62.0,448.8,115,4,0.16,0,27,7.238709677419355,51612.0,4.64,1,0.23478260869565218,True,False,False,False,False,False,True,True,False,1
81,78.7,160.1,102,6,0.49,0,2,2.03430749682338,16330.199999999999,8.94,1,0.0196078431372549,True,False,False,True,False,False,True,False,False,0
73,66.6,290.3,87,5,0.19,0,22,4.358858858858859,25256.100000000002,5.949999999999999,1,0.25287356321839083,False,False,True,False,False,False,False,False,True,1
51,50.8,215.9,22,7,0.66,0,19,4.25,4749.8,11.620000000000001,0,0.8636363636363636,True,False,False,True,False,False,False,False,False,1
35,99.1,357.3,84,8,0.01,0,22,3.6054490413723514,30013.2,8.08,0,0.2619047619047619,False,False,False,False,False,True,False,False,True,1
74,60.2,131.8,22,1,0.48,0,28,2.1893687707641196,2899.6000000000004,1.48,1,1.2727272727272727,True,False,False,False,False,False,True,False,True,0
62,92.6,494.4,75,5,0.98,0,14,5.339092872570195,37080.0,9.9,0,0.18666666666666668,True,True,False,False,False,True,False,True,False,1
80,70.6,231.6,74,1,0.54,0,4,3.2804532577903687,17138.399999999998,1.54,1,0.05405405405405406,True,False,False,False,False,False,False,False,True,0
29,61.8,428.7,98,4,0.95,0,8,6.936893203883495,42012.6,7.8,1,0.08163265306122448,True,True,False,False,False,True,False,False,True,1
49,85.9,329.8,41,7,0.44,0,15,3.839348079161816,13521.800000000001,10.08,0,0.36585365853658536,True,True,False,False,False,True,False,False,True,1
75,53.5,286.8,80,6,0.91,0,9,5.360747663551402,22944.0,11.46,1,0.1125,False,False,False,False,False,True,False,False,False,0
36,57.8,572.2,63,1,0.84,0,30,9.899653979238755,36048.600000000006,1.8399999999999999,0,0.47619047619047616,False,False,True,False,False,True,False,False,True,1
20,109.3,221.1,7,3,0.28,1,25,2.0228728270814273,1547.7,3.84,1,3.5714285714285716,True,False,False,False,False,False,True,False,True,0
32,70.6,329.2,95,5,0.9,0,26,4.662889518413598,31274.0,9.5,0,0.2736842105263158,False,True,False,False,False,False,True,True,False,1
68,109.4,513.7,32,1,0.46,0,21,4.695612431444242,16438.4,1.46,2,0.65625,True,False,False,False,False,True,False,False,True,1
69,106.6,440.0,33,8,0.92,0,19,4.127579737335835,14520.0,15.36,1,0.5757575757575758,True,False,False,False,False,False,True,False,True,1
68,52.3,109.2,107,1,0.89,0,15,2.0879541108986617,11684.4,1.8900000000000001,1,0.14018691588785046,False,False,False,False,False,False,True,False,False,1
50,66.8,369.7,27,8,0.03,1,17,5.5344311377245505,9981.9,8.24,2,0.6296296296296297,True,True,False,False,False,False,False,False,True,1
83,73.1,450.1,33,1,0.76,1,21,6.157318741450069,14853.300000000001,1.76,2,0.6363636363636364,False,False,False,False,False,False,True,True,False,1
79,51.1,400.2,111,2,0.03,1,16,7.831702544031311,44422.2,2.06,2,0.14414414414414414,True,False,True,False,False,False,True,True,False,1
47,62.5,531.7,90,1,0.21,0,20,8.507200000000001,47853.00000000001,1.21,0,0.2222222222222222,True,False,False,True,False,True,False,False,False,0
66,55.4,576.4,99,0,0.64,0,8,10.4043321299639,57063.6,0.0,1,0.08080808080808081,True,False,False,True,False,False,False,True,False,0
40,59.5,531.1,62,3,0.08,1,15,8.926050420168067,32928.200000000004,3.24,1,0.24193548387096775,False,False,False,False,False,False,True,False,True,0
56,104.9,470.9,10,0,0.96,0,13,4.489037178265014,4709.0,0.0,0,1.3,False,False,False,False,True,False,False,False,False,0
47,92.6,189.8,112,8,0.73,0,28,2.0496760259179267,21257.600000000002,13.84,0,0.25,True,False,True,False,False,False,True,True,False,1
68,73.0,474.4,14,2,0.01,0,10,6.498630136986301,6641.599999999999,2.02,2,0.7142857142857143,True,False,True,False,False,True,False,False,False,1
19,72.0,536.7,116,7,0.23,0,30,7.4541666666666675,62257.200000000004,8.61,0,0.25862068965517243,False,False,False,True,False,False,True,False,True,0
29,85.3,27.3,65,5,0.98,0,3,0.32004689331770225,1774.5,9.9,0,0.046153846153846156,False,False,False,False,True,True,False,False,False,1
54,51.1,145.8,56,6,0.52,0,19,2.853228962818004,8164.800000000001,9.120000000000001,0,0.3392857142857143,False,False,False,True,False,False,True,False,True,1
27,78.5,132.3,119,8,0.82,1,2,1.6853503184713376,15743.7,14.559999999999999,1,0.01680672268907563,True,False,False,False,True,False,True,True,False,1
23,95.0,60.9,97,0,0.92,0,12,0.6410526315789473,5907.3,0.0,0,0.12371134020618557,True,False,False,False,False,False,True,False,True,0
52,102.9,384.6,60,6,0.61,0,13,3.737609329446064,23076.0,9.66,0,0.21666666666666667,True,False,True,False,False,False,True,False,True,1
52,104.6,376.5,16,6,0.89,0,21,3.5994263862332696,6024.0,11.34,0,1.3125,False,True,False,False,False,False,False,True,False,1
23,70.1,87.8,107,6,0.69,0,6,1.2524964336661912,9394.6,10.14,0,0.056074766355140186,True,False,False,False,False,False,True,False,False,0
47,88.6,125.6,18,6,0.07,0,18,1.417607223476298,2260.7999999999997,6.42,0,1.0,False,False,False,True,False,False,True,False,True,0
61,66.7,485.2,91,2,0.07,0,4,7.2743628185907045,44153.2,2.14,0,0.04395604395604396,False,False,False,True,False,False,False,False,True,1
69,93.3,105.2,34,3,0.49,0,30,1.127545551982851,3576.8,4.47,1,0.8823529411764706,False,False,True,False,False,True,False,False,False,1
19,56.3,427.1,54,0,0.77,0,7,7.586145648312612,23063.4,0.0,0,0.12962962962962962,False,False,False,False,True,False,False,False,True,1
82,94.2,422.5,8,4,0.93,0,17,4.485138004246284,3380.0,7.720000000000001,1,2.125,True,False,False,False,False,False,True,False,True,1
77,87.8,56.5,47,3,0.77,0,19,0.643507972665148,2655.5,5.3100000000000005,1,0.40425531914893614,False,True,False,False,False,False,False,False,False,1
77,99.3,393.1,26,5,0.29,0,7,3.958710976837865,10220.6,6.45,1,0.2692307692307692,True,False,True,False,False,True,False,False,True,1
18,72.6,348.3,53,1,0.43,0,28,4.797520661157026,18459.9,1.43,0,0.5283018867924528,True,False,True,False,False,False,False,True,False,1
47,93.2,301.0,113,1,0.67,0,17,3.2296137339055795,34013.0,1.67,0,0.1504424778761062,True,False,False,False,True,True,False,True,False,1
68,55.3,467.2,7,3,0.54,0,7,8.448462929475587,3270.4,4.62,1,1.0,False,False,False,False,False,True,False,False,False,1
22,99.2,191.1,54,1,0.76,0,18,1.9264112903225805,10319.4,1.76,0,0.3333333333333333,False,False,False,False,False,False,False,False,True,0
80,106.8,31.1,20,4,0.07,0,26,0.2911985018726592,622.0,4.28,1,1.3,False,False,True,False,False,True,False,True,False,1
80,100.8,316.2,54,7,0.74,0,5,3.136904761904762,17074.8,12.18,1,0.09259259259259259,True,False,False,False,False,False,False,False,False,1
78,56.7,593.118,89,0,0.72,0,28,10.460634920634922,52787.50200000001,0.0,1,0.3146067415730337,False,False,True,False,False,True,False,True,False,1
21,99.9,317.4,61,2,0.29,0,22,3.177177177177177,19361.399999999998,2.58,0,0.36065573770491804,False,False,False,True,False,False,True,False,False,0
50,107.1,240.4,21,5,0.66,0,7,2.2446311858076564,5048.400000000001,8.3,0,0.3333333333333333,False,False,True,False,False,False,False,False,False,1
66,72.2,38.5,104,7,0.5,0,26,0.5332409972299169,4004.0,10.5,1,0.25,False,False,False,False,False,True,False,True,False,0
81,67.1,400.8,29,2,0.4,0,12,5.97317436661699,11623.2,2.8,1,0.41379310344827586,True,False,False,False,False,False,True,False,True,1
61,55.0,49.8,116,5,0.88,1,19,0.9054545454545454,5776.799999999999,9.399999999999999,1,0.16379310344827586,True,False,True,False,False,True,False,False,True,1
59,106.2,286.3,6,4,0.37,0,29,2.6958568738229753,1717.8000000000002,5.48,0,4.833333333333333,False,True,False,False,False,False,False,True,False,0
42,88.8,266.1,91,2,0.84,1,26,2.996621621621622,24215.100000000002,3.6799999999999997,1,0.2857142857142857,True,False,False,False,False,False,True,True,False,0
18,99.3,374.6,70,5,0.58,1,25,3.772406847935549,26222.0,7.9,1,0.35714285714285715,True,True,False,False,False,False,False,True,False,0
46,99.0,410.8,87,4,0.97,1,1,4.14949494949495,35739.6,7.88,1,0.011494252873563218,False,False,False,False,False,True,False,False,True,0
80,90.1,319.3,22,7,0.48,0,30,3.5438401775804667,7024.6,10.36,1,1.3636363636363635,False,False,True,False,False,True,False,True,False,1
70,93.9,321.8,82,6,0.94,0,26,3.427050053248136,26387.600000000002,11.64,2,0.3170731707317073,False,False,False,False,False,False,False,False,False,0
18,51.4,300.3,96,5,0.66,0,21,5.842412451361868,28828.800000000003,8.3,0,0.21875,True,False,False,False,False,False,True,True,False,1
80,80.8,368.0,104,6,0.73,0,23,4.554455445544555,38272.0,10.379999999999999,2,0.22115384615384615,True,False,False,False,False,True,False,True,False,1
26,93.9,378.0,53,2,0.02,0,17,4.025559105431309,20034.0,2.04,0,0.32075471698113206,False,False,False,False,False,False,False,False,True,0
29,91.0,362.0,87,2,0.91,0,25,3.978021978021978,31494.0,3.8200000000000003,0,0.28735632183908044,True,False,False,False,True,True,False,False,False,1
23,93.7,552.9,50,2,0.96,0,9,5.900747065101387,27645.0,3.92,0,0.18,True,False,True,False,False,False,True,False,True,1
33,93.4,148.9,12,2,0.53,1,14,1.594218415417559,1786.8000000000002,3.06,1,1.1666666666666667,True,False,True,False,False,False,False,False,True,0
71,89.7,427.0,20,2,0.12,0,18,4.7603121516165,8540.0,2.24,1,0.9,True,False,True,False,False,False,True,True,False,0
57,81.5,214.5,117,7,0.37,0,30,2.6319018404907975,25096.5,9.59,0,0.2564102564102564,False,False,False,False,False,False,False,True,False,1
24,56.4,348.6,105,0,0.77,0,19,6.180851063829788,36603.0,0.0,0,0.18095238095238095,True,False,True,False,False,True,False,False,False,0
72,107.4,43.9,70,5,0.49,0,19,0.40875232774674114,3073.0,7.45,1,0.2714285714285714,False,False,False,True,False,True,False,False,True,1
32,102.6,146.8,62,6,0.99,0,13,1.4307992202729047,9101.6,11.94,1,0.20967741935483872,True,False,False,False,False,False,True,True,False,0
54,58.2,314.9,19,7,0.76,0,26,5.410652920962199,5983.099999999999,12.32,0,1.368421052631579,True,False,False,False,False,True,False,True,False,1
49,66.0,261.3,51,0,0.47,0,22,3.9590909090909094,13326.300000000001,0.0,0,0.43137254901960786,False,False,False,False,False,False,False,False,True,0
74,80.9,263.6,69,7,0.12,1,27,3.258343634116193,18188.4,7.840000000000001,2,0.391304347826087,False,False,False,False,False,True,False,True,False,1
61,82.3,117.4,18,6,0.3,0,11,1.4264884568651277,2113.2000000000003,7.800000000000001,1,0.6111111111111112,False,False,True,False,False,False,True,True,False,1
64,89.0,418.4,16,3,0.25,0,21,4.701123595505618,6694.4,3.75,0,1.3125,True,False,False,False,False,False,True,False,False,1
47,101.0,375.6,43,3,0.05,0,13,3.718811881188119,16150.800000000001,3.1500000000000004,0,0.3023255813953488,True,False,False,False,True,False,True,False,False,1
83,104.6,529.7,81,3,0.57,0,23,5.064053537284895,42905.700000000004,4.709999999999999,1,0.2839506172839506,True,True,False,False,False,False,True,False,True,1
27,81.0,56.5,109,6,0.42,0,20,0.6975308641975309,6158.5,8.52,0,0.1834862385321101,True,False,False,False,False,True,False,False,True,1
84,97.4,439.5,11,2,0.37,0,28,4.512320328542094,4834.5,2.74,1,2.5454545454545454,False,False,False,False,False,False,False,False,False,0
33,90.9,46.9,61,0,0.61,0,13,0.5159515951595159,2860.9,0.0,0,0.21311475409836064,True,False,False,False,False,True,False,True,False,0
84,66.5,161.3,78,5,0.56,0,1,2.425563909774436,12581.400000000001,7.800000000000001,1,0.01282051282051282,True,False,False,False,True,True,False,False,True,1
70,72.0,479.6,62,0,0.86,0,2,6.661111111111111,29735.2,0.0,1,0.03225806451612903,False,False,False,False,False,False,False,False,True,1
68,84.5,166.7,61,0,0.88,0,24,1.9727810650887572,10168.699999999999,0.0,1,0.39344262295081966,False,True,False,False,False,False,True,True,False,0
63,94.0,245.4,60,5,0.18,0,8,2.6106382978723404,14724.0,5.8999999999999995,0,0.13333333333333333,True,False,False,True,False,False,False,True,False,0
40,97.1,503.1,97,4,0.88,0,20,5.181256436663234,48800.700000000004,7.52,0,0.20618556701030927,True,False,False,False,False,True,False,False,True,0
30,97.6,387.1,6,7,0.36,0,11,3.9661885245901645,2322.6000000000004,9.52,0,1.8333333333333333,True,True,False,False,False,False,True,False,True,1
31,82.3,563.6,17,3,0.7,0,27,6.848116646415553,9581.2,5.1,0,1.588235294117647,True,False,True,False,False,False,True,False,False,1
24,84.8,230.6,60,0,0.31,0,7,2.7193396226415096,13836.0,0.0,0,0.11666666666666667,True,False,False,False,False,False,True,False,True,0
45,70.8,343.2,79,2,0.29,0,17,4.8474576271186445,27112.8,2.58,0,0.21518987341772153,False,False,False,True,False,False,True,False,False,0
77,99.9,510.1,78,0,0.23,1,28,5.106106106106106,39787.8,0.0,2,0.358974358974359,True,False,True,False,False,True,False,False,True,0
58,85.6,114.2,40,4,0.47,0,29,1.3341121495327104,4568.0,5.88,0,0.725,False,False,False,False,False,False,False,False,False,0
81,84.0,313.9,19,5,0.97,0,20,3.7369047619047615,5964.099999999999,9.85,1,1.0526315789473684,False,False,True,False,False,True,False,False,False,1
72,88.7,111.5,16,7,0.04,0,13,1.2570462232243518,1784.0,7.28,1,0.8125,True,True,False,False,False,True,False,False,False,0
54,89.9,40.8,29,7,0.7,0,17,0.453837597330367,1183.1999999999998,11.9,0,0.5862068965517241,True,False,False,False,False,False,False,True,False,1
49,98.1,495.2,6,6,0.62,0,25,5.047910295616718,2971.2,9.72,0,4.166666666666667,True,False,False,False,True,True,False,False,False,1
69,109.2,358.1,49,2,0.15,0,22,3.2793040293040296,17546.9,2.3,1,0.4489795918367347,True,False,False,False,False,True,False,False,False,1
84,90.5,309.8,61,0,0.53,0,1,3.423204419889503,18897.8,0.0,1,0.01639344262295082,False,False,False,False,True,False,False,False,True,1
73,109.4,376.4,119,2,0.74,0,23,3.4405850091407673,44791.6,3.48,1,0.19327731092436976,True,False,False,False,False,True,False,False,True,1
71,66.9,457.1,108,1,0.25,0,26,6.8325859491778775,49366.8,1.25,1,0.24074074074074073,False,False,False,True,False,False,True,True,False,0
79,97.4,134.4,91,4,0.37,0,24,1.379876796714579,12230.4,5.48,1,0.26373626373626374,False,False,False,False,False,True,False,False,True,1
38,62.8,214.6,50,4,0.43,0,22,3.4171974522292996,10730.0,5.72,1,0.44,False,False,True,False,False,True,False,False,False,0
29,91.9,406.3,30,6,0.01,0,19,4.421109902067465,12189.0,6.0600000000000005,0,0.6333333333333333,False,False,True,False,False,False,True,False,True,1
37,65.2,88.2,82,2,0.44,0,23,1.352760736196319,7232.400000000001,2.88,0,0.2804878048780488,True,False,False,False,False,False,False,False,True,0
84,107.4,505.0,52,4,0.86,0,17,4.702048417132215,26260.0,7.4399999999999995,1,0.3269230769230769,False,False,False,True,False,False,False,False,False,0
41,58.5,409.5,79,2,0.21,0,29,7.0,32350.5,2.42,0,0.3670886075949367,True,True,False,False,False,True,False,True,False,0
34,90.2,316.4,39,3,0.67,0,28,3.5077605321507757,12339.599999999999,5.01,0,0.717948717948718,False,False,False,True,False,False,True,True,False,0
56,79.3,255.9,86,2,0.31,0,3,3.226986128625473,22007.4,2.62,0,0.03488372093023256,False,False,False,False,False,True,False,False,False,0
78,88.2,554.5,78,0,0.95,0,7,6.286848072562358,43251.0,0.0,2,0.08974358974358974,True,False,True,False,False,False,True,False,True,1
79,66.9,410.7,37,3,0.44,0,21,6.1390134529147975,15195.9,4.32,1,0.5675675675675675,True,False,False,False,False,False,True,True,False,0
65,52.4,362.7,91,1,0.44,1,26,6.92175572519084,33005.7,1.44,2,0.2857142857142857,True,False,False,False,True,False,False,True,False,1
75,83.3,368.8,6,0,0.73,0,7,4.427370948379352,2212.8,0.0,1,1.1666666666666667,False,True,False,False,False,True,False,False,True,1
41,95.7,528.7,23,7,0.22,0,25,5.524555903866249,12160.1,8.54,1,1.0869565217391304,True,False,False,False,False,True,False,False,True,1
70,97.1,593.118,89,7,0.04,0,17,6.108321318228631,52787.50200000001,7.28,1,0.19101123595505617,False,False,False,False,True,False,True,True,False,1
62,109.1,62.2,40,5,0.81,0,30,0.5701191567369387,2488.0,9.05,0,0.75,False,False,True,False,False,True,False,False,True,0
27,108.6,583.8,105,0,0.62,0,5,5.375690607734806,61298.99999999999,0.0,0,0.047619047619047616,True,False,False,False,False,False,False,True,False,1
80,98.3,473.9,55,4,0.14,0,14,4.820956256358087,26064.5,4.5600000000000005,1,0.2545454545454545,True,False,False,False,True,False,True,False,True,1
81,74.4,190.2,83,8,0.98,0,23,2.5564516129032255,15786.599999999999,15.84,2,0.27710843373493976,False,False,False,True,False,True,False,False,False,1
67,50.797,210.5,11,3,0.49,0,8,4.143945508593028,2315.5,4.47,1,0.7272727272727273,False,True,False,False,False,False,False,False,True,0
30,67.9,537.6,20,6,0.85,0,18,7.917525773195876,10752.0,11.100000000000001,0,0.9,True,False,False,False,False,False,True,True,False,1
82,59.2,251.2,28,0,0.55,0,22,4.243243243243243,7033.599999999999,0.0,2,0.7857142857142857,False,False,False,False,False,True,False,False,False,1
57,81.3,433.8,119,1,0.59,0,9,5.3357933579335795,51622.200000000004,1.5899999999999999,0,0.07563025210084033,False,True,False,False,False,False,False,True,False,1
53,91.4,490.3,65,3,0.01,1,25,5.36433260393873,31869.5,3.0300000000000002,1,0.38461538461538464,True,False,False,False,False,False,False,False,False,0
21,91.8,593.118,6,2,0.45,0,15,6.460980392156864,3558.7080000000005,2.9,0,2.5,True,False,True,False,False,False,False,True,False,0
49,69.6,551.8,111,1,0.12,0,28,7.92816091954023,61249.799999999996,1.12,0,0.25225225225225223,False,False,False,False,False,False,True,False,False,1
53,108.3,153.1,97,3,0.88,0,28,1.4136657433056325,14850.699999999999,5.64,0,0.28865979381443296,False,False,True,False,False,True,False,False,False,0
23,94.9,30.8,86,4,0.25,0,26,0.3245521601685985,2648.8,5.0,0,0.3023255813953488,True,False,False,False,False,False,True,False,False,0
66,52.7,394.5,41,6,0.86,0,2,7.485768500948766,16174.5,11.16,1,0.04878048780487805,False,False,False,False,False,True,False,False,False,1
60,54.3,168.1,43,8,0.16,0,18,3.095764272559853,7228.3,9.28,0,0.4186046511627907,False,False,False,False,False,False,True,False,False,0
79,56.7,240.1,13,6,0.37,0,15,4.234567901234567,3121.2999999999997,8.22,1,1.1538461538461537,False,False,False,True,False,False,True,True,False,0
77,107.2,491.0,97,8,0.92,0,29,4.580223880597015,47627.0,15.36,1,0.29896907216494845,True,False,False,True,False,True,False,True,False,1
64,68.8,578.9,75,8,0.99,0,20,8.414244186046512,43417.5,15.92,0,0.26666666666666666,True,False,False,False,False,True,False,False,True,1
22,82.8,23.7,94,4,0.35,0,25,0.286231884057971,2227.7999999999997,5.4,0,0.26595744680851063,False,False,False,True,False,True,False,False,False,0
54,69.5,23.7,113,7,0.97,0,5,0.3410071942446043,2678.1,13.79,0,0.04424778761061947,True,True,False,False,False,False,True,False,False,0
85,55.1,474.6,108,2,0.33,0,7,8.613430127041742,51256.8,2.66,1,0.06481481481481481,False,False,False,False,True,False,False,False,True,0
32,72.0,267.4,74,1,0.3,0,24,3.7138888888888886,19787.6,1.3,0,0.32432432432432434,False,False,False,True,False,False,False,False,True,0
39,72.9,366.1,19,2,0.61,0,27,5.021947873799726,6955.900000000001,3.2199999999999998,1,1.4210526315789473,False,True,False,False,False,True,False,True,False,0
30,95.7,162.4,37,8,0.77,0,15,1.696969696969697,6008.8,14.16,0,0.40540540540540543,True,False,False,False,False,False,True,False,True,1
56,66.3,296.4,93,5,0.58,0,13,4.470588235294118,27565.199999999997,7.9,0,0.13978494623655913,True,True,False,False,False,True,False,False,False,1
19,91.2,29.3,117,3,0.93,0,27,0.3212719298245614,3428.1,5.790000000000001,0,0.23076923076923078,False,False,False,False,False,False,False,True,False,0
26,77.2,80.9,107,1,0.24,0,1,1.0479274611398963,8656.300000000001,1.24,0,0.009345794392523364,False,False,False,False,False,True,False,True,False,0
28,70.4,270.2,72,4,0.42,0,28,3.838068181818181,19454.399999999998,5.68,0,0.3888888888888889,False,False,False,False,False,False,False,True,False,0
18,59.9,381.6,7,7,0.02,0,28,6.370617696160267,2671.2000000000003,7.140000000000001,0,4.0,False,True,False,False,False,False,True,False,False,0
76,95.8,294.2,90,6,0.47,1,28,3.0709812108559498,26478.0,8.82,2,0.3111111111111111,False,False,False,False,False,True,False,False,False,0
42,64.6,500.5,83,2,0.26,1,14,7.7476780185758525,41541.5,2.52,1,0.1686746987951807,False,False,True,False,False,False,False,True,False,0
22,94.0,568.2,67,6,0.49,0,9,6.044680851063831,38069.4,8.94,0,0.13432835820895522,False,True,False,False,False,False,False,False,True,0
59,99.7,387.4,17,4,0.12,0,16,3.8856569709127378,6585.799999999999,4.48,0,0.9411764705882353,True,False,False,False,False,False,False,True,False,1
19,85.2,55.4,114,1,0.47,0,11,0.6502347417840375,6315.599999999999,1.47,0,0.09649122807017543,False,True,False,False,False,True,False,True,False,0
73,60.0,270.3,29,0,0.52,0,9,4.505,7838.700000000001,0.0,1,0.3103448275862069,True,False,True,False,False,False,False,False,True,1
30,61.8,408.9,78,2,0.91,0,7,6.616504854368932,31894.199999999997,3.8200000000000003,0,0.08974358974358974,True,False,True,False,False,True,False,True,False,1
59,77.9,312.6,17,1,0.55,0,22,4.012836970474968,5314.200000000001,1.55,0,1.2941176470588236,False,False,False,False,False,False,True,False,True,1
73,98.2,331.4,117,4,0.3,0,8,3.3747454175152747,38773.799999999996,5.2,1,0.06837606837606838,True,False,False,False,False,True,False,True,False,1
44,75.8,485.4,14,7,0.34,0,21,6.403693931398417,6795.599999999999,9.38,0,1.5,False,False,False,False,True,True,False,False,True,1
76,77.0,561.2,117,7,0.66,0,8,7.288311688311689,65660.40000000001,11.620000000000001,1,0.06837606837606838,True,False,False,True,False,False,True,True,False,1
82,71.2,543.5,55,1,0.89,0,9,7.633426966292134,29892.5,1.8900000000000001,1,0.16363636363636364,True,False,False,True,False,False,True,True,False,1
76,102.3,353.0,30,6,0.56,0,4,3.450635386119257,10590.0,9.36,1,0.13333333333333333,False,False,True,False,False,False,True,True,False,1
53,68.5,237.2,50,4,0.67,0,8,3.462773722627737,11860.0,6.68,0,0.16,False,False,False,False,False,False,False,True,False,0
21,51.4,534.6,43,5,0.55,0,6,10.400778210116732,22987.8,7.75,0,0.13953488372093023,False,False,False,False,False,False,True,False,True,0
49,66.2,41.0,113,6,0.93,0,19,0.6193353474320241,4633.0,11.580000000000002,0,0.168141592920354,True,False,False,False,False,True,False,False,False,1
70,99.6,330.2,31,2,0.41,0,15,3.3152610441767068,10236.199999999999,2.82,1,0.4838709677419355,False,False,False,True,False,True,False,True,False,0
79,61.6,56.3,77,8,0.7,0,27,0.9139610389610389,4335.099999999999,13.6,1,0.35064935064935066,False,False,False,True,False,False,True,False,False,1
83,71.3,128.9,61,2,0.52,0,16,1.8078541374474055,7862.900000000001,3.04,1,0.26229508196721313,False,False,False,True,False,False,True,False,True,0
56,79.4,442.0,75,4,0.86,0,7,5.566750629722922,33150.0,7.4399999999999995,0,0.09333333333333334,True,False,False,False,True,False,True,True,False,0
63,107.4,201.7,6,4,0.47,0,5,1.8780260707635008,1210.1999999999998,5.88,0,0.8333333333333334,False,False,True,False,False,False,True,False,True,0
22,51.4,88.2,72,0,0.54,0,30,1.7159533073929962,6350.400000000001,0.0,0,0.4166666666666667,True,True,False,False,False,True,False,False,True,0
18,83.9,462.3,90,8,0.02,1,5,5.510131108462455,41607.0,8.16,1,0.05555555555555555,True,False,False,False,False,False,False,True,False,1
28,66.8,432.4,69,5,0.54,0,9,6.473053892215569,29835.6,7.7,0,0.13043478260869565,False,False,False,False,True,False,True,False,True,0
59,87.6,184.2,80,7,0.23,1,25,2.1027397260273974,14736.0,8.61,1,0.3125,True,False,False,True,False,False,True,True,False,1
49,66.0,182.5,62,1,0.18,0,22,2.765151515151515,11315.0,1.18,1,0.3548387096774194,False,False,False,False,False,False,False,True,False,0
51,80.7,451.8,49,0,0.71,0,3,5.598513011152416,22138.2,0.0,0,0.061224489795918366,True,False,False,False,True,False,False,False,True,1
69,54.0,462.5,31,6,0.88,0,6,8.564814814814815,14337.5,11.28,1,0.1935483870967742,True,False,False,False,False,True,False,False,False,0
45,104.7,449.0,20,1,0.36,1,10,4.288443170964661,8980.0,1.3599999999999999,1,0.5,False,True,False,False,False,True,False,True,False,0
32,54.8,195.1,44,4,0.92,0,10,3.56021897810219,8584.4,7.68,0,0.22727272727272727,True,False,False,False,False,False,True,False,True,0
30,86.3,249.3,95,8,0.13,0,15,2.8887601390498263,23683.5,9.04,0,0.15789473684210525,True,False,False,False,False,False,True,True,False,1
85,77.4,115.9,119,0,0.99,0,15,1.4974160206718345,13792.1,0.0,1,0.12605042016806722,False,False,False,False,True,False,False,False,False,1
32,64.0,277.9,35,0,0.99,0,3,4.3421875,9726.5,0.0,0,0.08571428571428572,False,False,True,False,False,False,True,True,False,0
23,71.3,349.9,99,7,0.67,0,2,4.907433380084151,34640.1,11.69,0,0.020202020202020204,True,False,False,False,False,False,False,True,False,1
48,94.9,518.9,33,8,0.5,0,7,5.46786090621707,17123.7,12.0,0,0.21212121212121213,True,False,False,False,False,True,False,False,False,1
42,60.7,218.2,44,2,0.57,1,30,3.5947281713344315,9600.8,3.1399999999999997,1,0.6818181818181818,True,True,False,False,False,False,True,False,False,0
32,83.3,289.8,75,2,0.8,1,11,3.4789915966386555,21735.0,3.6,1,0.14666666666666667,True,False,True,False,False,False,True,True,False,0
52,61.5,560.8,117,7,0.41,0,4,9.118699186991869,65613.59999999999,9.87,1,0.03418803418803419,False,True,False,False,False,False,False,True,False,0
43,67.2,100.3,73,2,0.61,0,20,1.4925595238095237,7321.9,3.2199999999999998,0,0.273972602739726,False,False,False,False,False,True,False,True,False,0
31,77.6,158.5,44,1,0.36,0,4,2.0425257731958766,6974.0,1.3599999999999999,0,0.09090909090909091,False,True,False,False,False,False,False,True,False,0
78,101.9,196.3,26,4,0.33,0,22,1.9263984298331698,5103.8,5.32,2,0.8461538461538461,True,False,True,False,False,False,True,False,False,1
33,108.2,367.7,96,3,0.55,0,18,3.398336414048059,35299.2,4.65,0,0.1875,False,False,False,True,False,False,False,False,True,0
60,69.7,301.9,58,3,0.63,0,23,4.331420373027259,17510.199999999997,4.89,0,0.39655172413793105,True,False,False,False,False,True,False,True,False,0
24,54.4,218.7,32,6,0.43,0,19,4.020220588235294,6998.4,8.58,0,0.59375,True,False,False,False,False,True,False,False,False,0
77,107.3,28.7,115,8,0.42,1,16,0.2674743709226468,3300.5,11.36,2,0.1391304347826087,True,False,True,False,False,False,False,True,False,1
69,52.5,60.4,64,3,0.09,0,10,1.1504761904761904,3865.6,3.2700000000000005,1,0.15625,False,False,False,False,False,False,False,False,False,1
43,60.4,525.1,93,4,0.86,0,26,8.693708609271523,48834.3,7.4399999999999995,0,0.27956989247311825,True,False,False,True,False,False,False,True,False,0
33,107.5,344.6,37,8,0.34,0,14,3.2055813953488372,12750.2,10.72,0,0.3783783783783784,False,False,False,False,True,False,True,False,False,1
58,63.6,476.1,23,1,0.45,0,24,7.485849056603774,10950.300000000001,1.45,0,1.0434782608695652,True,True,False,False,False,False,False,False,False,1
44,80.0,33.5,10,2,0.9,0,14,0.41875,335.0,3.8,0,1.4,True,False,False,False,False,False,False,False,False,0
29,81.2,269.9,37,2,0.64,0,2,3.3238916256157633,9986.3,3.2800000000000002,0,0.05405405405405406,False,False,False,True,False,False,False,False,False,0
38,76.3,146.1,84,2,0.44,1,2,1.9148099606815203,12272.4,2.88,1,0.023809523809523808,True,True,False,False,False,True,False,True,False,0
30,55.5,90.2,16,2,0.72,1,4,1.6252252252252253,1443.2,3.44,1,0.25,True,False,False,False,False,False,False,False,False,0
78,71.1,260.2,105,6,0.54,0,12,3.659634317862166,27321.0,9.24,1,0.11428571428571428,False,False,False,False,True,True,False,False,False,0
36,80.3,279.8,106,5,0.63,0,29,3.484433374844334,29658.800000000003,8.149999999999999,0,0.27358490566037735,True,False,False,False,False,False,False,False,True,1
71,62.0,82.0,15,1,0.98,0,11,1.3225806451612903,1230.0,1.98,1,0.7333333333333333,False,False,False,False,False,False,False,True,False,1
63,92.8,495.0,65,0,0.48,0,18,5.3340517241379315,32175.0,0.0,0,0.27692307692307694,False,True,False,False,False,False,False,True,False,1
65,81.9,282.6,76,8,0.17,0,13,3.4505494505494507,21477.600000000002,9.36,1,0.17105263157894737,True,True,False,False,False,True,False,False,False,1
62,92.6,396.9,74,7,0.16,0,24,4.286177105831533,29370.6,8.12,0,0.32432432432432434,False,False,False,True,False,False,False,False,True,0
44,67.4,290.4,87,4,0.18,0,24,4.30860534124629,25264.8,4.72,0,0.27586206896551724,False,False,False,True,False,True,False,False,True,0
67,109.3,562.4,37,0,0.26,0,27,5.145471180237878,20808.8,0.0,1,0.7297297297297297,True,True,False,False,False,False,False,True,False,1
37,90.8,519.3,16,4,0.88,0,27,5.719162995594713,8308.8,7.52,0,1.6875,False,False,False,True,False,True,False,True,False,0
72,55.3,432.6,107,8,0.46,1,2,7.822784810126583,46288.200000000004,11.68,2,0.018691588785046728,False,False,False,False,True,False,True,True,False,0
30,62.1,563.8,83,7,0.32,0,21,9.07890499194847,46795.399999999994,9.24,0,0.25301204819277107,True,True,False,False,False,True,False,False,True,1
20,64.2,386.0,52,5,0.92,0,11,6.012461059190031,20072.0,9.6,0,0.21153846153846154,False,False,False,False,False,False,False,True,False,0
30,96.3,267.7,43,8,0.23,0,25,2.779854620976116,11511.1,9.84,0,0.5813953488372093,True,False,False,False,False,False,False,True,False,1
52,92.0,391.5,49,6,0.18,0,24,4.255434782608695,19183.5,7.08,0,0.4897959183673469,True,False,False,False,True,False,False,True,False,1
38,92.1,296.3,61,8,0.89,0,17,3.2171552660152014,18074.3,15.120000000000001,0,0.2786885245901639,True,False,False,True,False,False,True,False,True,0
55,81.5,178.7,18,7,0.13,0,24,2.1926380368098157,3216.6,7.909999999999999,0,1.3333333333333333,True,False,True,False,False,True,False,True,False,0
43,79.0,560.4,86,4,0.24,1,15,7.093670886075949,48194.4,4.96,1,0.1744186046511628,False,False,False,False,False,True,False,False,True,1
30,87.5,306.4,55,2,0.25,0,30,3.5017142857142853,16852.0,2.5,0,0.5454545454545454,True,True,False,False,False,False,False,False,True,0
45,85.8,379.5,97,3,0.05,0,10,4.423076923076923,36811.5,3.1500000000000004,0,0.10309278350515463,False,False,False,False,True,False,True,False,True,1
49,77.5,391.5,110,1,0.72,0,28,5.051612903225807,43065.0,1.72,0,0.2545454545454545,False,False,False,True,False,False,True,False,True,1
70,63.2,411.0,63,3,0.68,1,17,6.503164556962025,25893.0,5.040000000000001,2,0.2698412698412698,False,False,False,False,False,False,True,False,False,1
19,67.0,517.6,21,7,0.13,0,8,7.7253731343283585,10869.6,7.909999999999999,0,0.38095238095238093,True,False,False,False,False,False,True,False,True,1
50,85.2,57.5,65,1,0.73,0,7,0.6748826291079812,3737.5,1.73,0,0.1076923076923077,True,False,False,False,True,True,False,False,True,0
41,82.2,43.2,28,0,0.2,1,22,0.5255474452554745,1209.6000000000001,0.0,1,0.7857142857142857,False,False,False,False,False,False,True,False,True,0
53,80.8,117.2,113,3,0.5,0,21,1.4504950495049507,13243.6,4.5,0,0.18584070796460178,False,False,False,True,False,True,False,True,False,0
27,97.0,461.3,83,1,0.71,1,9,4.7556701030927835,38287.9,1.71,1,0.10843373493975904,True,True,False,False,False,False,True,False,True,0
47,69.8,451.8,9,0,0.97,0,4,6.472779369627507,4066.2000000000003,0.0,0,0.4444444444444444,True,True,False,False,False,True,False,False,True,1
56,81.7,592.7,70,2,0.14,0,30,7.254589963280294,41489.0,2.2800000000000002,0,0.42857142857142855,False,False,False,False,True,True,False,True,False,0
18,69.0,323.3,42,4,0.81,0,28,4.685507246376812,13578.6,7.24,0,0.6666666666666666,False,False,True,False,False,True,False,True,False,0
42,89.6,126.4,89,5,0.4,0,28,1.4107142857142858,11249.6,7.0,0,0.3146067415730337,False,True,False,False,False,True,False,True,False,1
75,108.8,527.2,61,4,0.14,0,28,4.845588235294118,32159.200000000004,4.5600000000000005,1,0.45901639344262296,True,False,False,False,False,False,False,True,False,1
64,97.4,511.0,67,3,0.19,0,21,5.246406570841889,34237.0,3.57,0,0.31343283582089554,False,False,False,False,False,False,False,False,True,1
60,72.4,503.8,26,0,0.96,0,22,6.958563535911602,13098.800000000001,0.0,0,0.8461538461538461,True,False,False,False,True,False,True,False,True,1
58,58.2,23.7,30,6,0.95,0,10,0.40721649484536077,711.0,11.7,0,0.3333333333333333,False,False,False,False,False,False,True,False,False,0
22,83.5,281.6,80,7,0.43,0,9,3.3724550898203596,22528.0,10.01,0,0.1125,True,False,False,False,False,True,False,True,False,0
66,109.2,86.9,46,1,0.92,0,27,0.7957875457875458,3997.4,1.92,1,0.5869565217391305,False,False,False,False,False,True,False,False,False,0
53,66.2,453.1,32,6,0.27,0,27,6.8444108761329305,14499.2,7.62,0,0.84375,False,False,False,False,True,False,True,True,False,1
82,84.8,53.5,35,3,0.81,0,20,0.6308962264150944,1872.5,5.43,1,0.5714285714285714,True,True,False,False,False,True,False,True,False,1
66,85.5,401.4,18,6,0.03,0,20,4.694736842105263,7225.2,6.18,2,1.1111111111111112,False,False,False,False,False,False,True,False,False,0
43,95.4,137.9,49,2,0.87,1,27,1.4454926624737945,6757.1,3.74,1,0.5510204081632653,False,False,False,False,True,False,True,False,True,0
79,74.9,55.1,51,6,0.53,0,8,0.7356475300400533,2810.1,9.18,1,0.1568627450980392,True,True,False,False,False,True,False,False,True,1
32,100.3,228.9,58,4,0.11,1,23,2.2821535393818544,13276.2,4.44,1,0.39655172413793105,True,False,False,False,False,False,False,True,False,0
85,70.5,320.8,68,1,0.2,0,19,4.550354609929078,21814.4,1.2,1,0.27941176470588236,True,False,False,False,False,False,False,True,False,1
68,94.7,314.8,20,5,0.72,0,8,3.324181626187962,6296.0,8.6,1,0.4,False,False,True,False,False,True,False,True,False,1
78,50.797,189.4,19,4,0.61,0,21,3.7285666476366717,3598.6,6.4399999999999995,1,1.105263157894737,True,False,True,False,False,False,True,False,True,0
62,65.5,537.6,14,8,0.21,0,29,8.20763358778626,7526.400000000001,9.68,0,2.0714285714285716,True,False,False,False,False,False,False,False,True,1
80,82.6,498.9,97,5,0.36,0,7,6.039951573849879,48393.299999999996,6.799999999999999,1,0.07216494845360824,True,False,True,False,False,False,False,False,False,1
24,55.8,58.0,55,5,0.95,0,16,1.039426523297491,3190.0,9.75,0,0.2909090909090909,True,False,False,False,False,True,False,False,True,0
33,55.3,415.4,60,4,0.31,0,28,7.511754068716094,24924.0,5.24,0,0.4666666666666667,False,False,False,False,False,True,False,False,False,1
19,65.8,258.1,9,0,0.79,0,3,3.922492401215806,2322.9,0.0,0,0.3333333333333333,False,False,False,False,True,False,True,False,False,0
72,90.3,277.5,44,2,0.94,0,5,3.073089700996678,12210.0,3.88,1,0.11363636363636363,True,False,False,False,False,False,True,True,False,1
46,106.3,485.8,99,4,0.82,1,15,4.570084666039511,48094.200000000004,7.279999999999999,1,0.15151515151515152,True,False,False,True,False,True,False,False,True,1
51,59.3,388.3,26,8,0.64,0,7,6.54806070826307,10095.800000000001,13.120000000000001,0,0.2692307692307692,True,False,False,False,True,True,False,False,True,0
42,86.7,408.4,119,2,0.18,0,19,4.710495963091119,48599.6,2.36,1,0.15966386554621848,True,False,False,False,False,True,False,True,False,1
54,73.0,284.4,43,2,0.79,1,14,3.895890410958904,12229.199999999999,3.58,1,0.32558139534883723,False,False,True,False,False,False,False,False,False,0
33,57.6,557.2,101,1,0.87,0,25,9.673611111111112,56277.200000000004,1.87,0,0.24752475247524752,False,False,False,False,False,False,True,True,False,1
56,101.6,64.0,38,8,0.39,0,6,0.6299212598425197,2432.0,11.120000000000001,0,0.15789473684210525,True,False,False,False,False,False,True,False,False,0
75,50.9,261.0,33,5,0.87,0,15,5.12770137524558,8613.0,9.350000000000001,1,0.45454545454545453,True,False,True,False,False,False,True,True,False,1
41,97.3,582.5,16,2,0.5,0,29,5.986639260020556,9320.0,3.0,0,1.8125,False,True,False,False,False,False,False,False,False,1
84,68.5,116.2,107,1,0.12,0,22,1.6963503649635037,12433.4,1.12,2,0.205607476635514,True,False,False,False,True,False,False,False,True,0
64,94.8,405.5,54,8,0.92,0,15,4.277426160337553,21897.0,15.36,1,0.2777777777777778,False,False,True,False,False,False,False,True,False,1
78,82.6,171.7,54,6,0.08,0,25,2.0786924939467313,9271.8,6.48,1,0.46296296296296297,False,False,False,False,True,False,False,False,True,1
30,108.9,167.2,30,4,0.43,0,24,1.5353535353535352,5016.0,5.72,0,0.8,True,False,False,True,False,False,False,False,False,0
48,59.4,465.5,73,3,0.06,0,13,7.8367003367003365,33981.5,3.18,0,0.1780821917808219,False,False,False,False,True,False,False,False,True,1
21,109.4,168.0,105,5,0.09,0,23,1.5356489945155392,17640.0,5.45,0,0.21904761904761905,False,False,False,False,False,False,True,False,True,1
84,77.1,190.3,100,6,0.01,0,2,2.46822308690013,19030.0,6.0600000000000005,1,0.02,True,True,False,False,False,False,False,True,False,1
60,99.5,525.6,26,2,0.96,0,28,5.282412060301508,13665.6,3.92,0,1.0769230769230769,True,False,False,False,False,True,False,False,False,1
55,89.3,170.6,9,6,0.59,1,9,1.9104143337066068,1535.3999999999999,9.54,1,1.0,False,False,False,False,False,False,False,False,False,1
55,86.3,273.9,87,3,0.59,1,26,3.173812282734646,23829.3,4.77,1,0.2988505747126437,True,False,False,False,True,True,False,False,False,0
32,76.8,393.1,10,8,0.85,0,8,5.118489583333334,3931.0,14.8,0,0.8,False,False,False,False,False,False,False,False,False,1
25,82.1,479.3,25,3,0.64,0,26,5.838002436053594,11982.5,4.92,0,1.04,True,False,False,False,False,True,False,False,False,1
20,80.2,175.8,103,8,0.55,0,4,2.1920199501246884,18107.4,12.4,0,0.038834951456310676,False,False,False,False,False,True,False,True,False,0
65,89.9,161.2,51,3,0.69,0,25,1.7931034482758619,8221.199999999999,5.07,1,0.49019607843137253,False,False,False,True,False,False,False,False,False,0
64,60.7,449.9,109,0,0.97,0,18,7.4118616144975284,49039.1,0.0,1,0.1651376146788991,True,True,False,False,False,False,True,False,True,0
54,67.0,462.2,58,8,0.78,0,30,6.898507462686567,26807.6,14.24,0,0.5172413793103449,False,False,False,False,False,True,False,False,False,0
47,66.9,509.2,90,2,0.75,0,5,7.611360239162929,45828.0,3.5,0,0.05555555555555555,True,True,False,False,False,False,True,True,False,0
73,71.6,580.3,13,4,0.88,0,26,8.104748603351956,7543.9,7.52,1,2.0,True,False,False,False,False,False,True,False,False,0
34,86.8,355.3,16,6,0.89,1,25,4.09331797235023,5684.8,11.34,1,1.5625,False,False,False,True,False,True,False,False,False,0
73,97.7,295.3,115,8,0.24,0,16,3.022517911975435,33959.5,9.92,1,0.1391304347826087,True,False,False,False,False,False,True,True,False,0
53,55.2,211.6,13,0,0.99,1,7,3.833333333333333,2750.7999999999997,0.0,1,0.5384615384615384,False,True,False,False,False,False,True,True,False,0
79,55.5,107.5,97,1,0.53,0,26,1.936936936936937,10427.5,1.53,1,0.26804123711340205,False,True,False,False,False,False,True,False,True,1
53,50.797,266.3,101,0,0.61,0,27,5.242435576904149,26896.300000000003,0.0,0,0.26732673267326734,False,True,False,False,False,True,False,False,False,0
27,76.9,570.4,26,5,0.33,1,21,7.41742522756827,14830.4,6.65,1,0.8076923076923077,False,False,False,False,False,False,False,False,True,1
45,69.5,222.5,51,2,0.08,0,23,3.2014388489208634,11347.5,2.16,0,0.45098039215686275,False,False,False,False,False,True,False,False,False,0
83,68.0,32.7,54,5,0.43,0,23,0.48088235294117654,1765.8000000000002,7.1499999999999995,1,0.42592592592592593,True,False,False,False,False,True,False,True,False,0
85,100.2,511.1,72,5,0.91,0,3,5.100798403193613,36799.200000000004,9.55,1,0.041666666666666664,True,False,False,False,False,False,False,False,False,1
85,91.2,334.3,52,7,0.16,0,17,3.6655701754385963,17383.600000000002,8.12,1,0.3269230769230769,False,False,False,False,False,False,True,False,True,0
66,58.1,114.2,114,0,0.29,0,3,1.9655765920826163,13018.800000000001,0.0,1,0.02631578947368421,True,False,False,False,False,True,False,True,False,0
62,66.2,193.7,84,3,0.06,0,20,2.925981873111782,16270.8,3.18,0,0.23809523809523808,True,False,False,True,False,True,False,False,False,0
31,98.0,288.9,69,4,0.1,0,30,2.9479591836734693,19934.1,4.4,0,0.43478260869565216,False,False,False,False,True,False,False,False,True,0
85,79.2,90.9,11,8,0.39,0,28,1.1477272727272727,999.9000000000001,11.120000000000001,1,2.5454545454545454,False,False,False,False,False,False,True,False,True,1
35,84.6,507.6,115,1,0.99,0,21,6.000000000000001,58374.0,1.99,0,0.1826086956521739,False,False,False,True,False,False,True,False,False,1
30,60.7,438.2,98,0,0.63,0,26,7.219110378912685,42943.6,0.0,0,0.2653061224489796,False,False,False,False,False,False,False,False,True,1
70,60.5,241.6,88,7,0.17,0,1,3.993388429752066,21260.8,8.19,1,0.011363636363636364,False,True,False,False,False,False,False,True,False,0
81,67.3,152.3,40,1,0.7,0,10,2.2630014858841014,6092.0,1.7,2,0.25,False,False,False,True,False,False,True,False,True,0
34,99.0,329.3,18,7,0.93,1,25,3.3262626262626265,5927.400000000001,13.510000000000002,1,1.3888888888888888,True,False,False,False,False,False,True,False,True,1
27,109.4,377.1,77,8,0.69,0,1,3.4469835466179157,29036.7,13.52,0,0.012987012987012988,True,False,False,False,False,False,True,False,False,0
20,57.9,233.0,48,2,0.59,0,10,4.024179620034542,11184.0,3.1799999999999997,0,0.20833333333333334,True,True,False,False,False,False,False,True,False,0
41,50.797,428.8,83,7,0.32,0,1,8.441443392326319,35590.4,9.24,0,0.012048192771084338,True,False,False,False,True,False,True,False,False,1
63,109.4,490.6,23,6,0.15,0,25,4.484460694698354,11283.800000000001,6.8999999999999995,0,1.0869565217391304,False,False,False,False,False,False,False,False,False,1
50,93.1,572.9,34,3,0.3,0,30,6.15359828141783,19478.6,3.9000000000000004,1,0.8823529411764706,True,True,False,False,False,False,True,False,False,0
72,64.8,588.2,62,2,0.07,1,16,9.077160493827162,36468.4,2.14,2,0.25806451612903225,True,False,False,False,True,True,False,False,True,0
46,100.1,219.9,74,5,0.63,0,1,2.196803196803197,16272.6,8.149999999999999,1,0.013513513513513514,False,False,False,False,False,False,True,True,False,1
51,73.8,424.1,65,7,0.57,0,12,5.746612466124661,27566.5,10.989999999999998,0,0.18461538461538463,False,False,False,False,False,False,True,False,False,1
40,77.5,578.3,119,3,0.58,0,8,7.461935483870967,68817.7,4.74,0,0.06722689075630252,True,False,False,True,False,False,True,False,False,1
34,96.4,147.9,92,7,0.91,1,19,1.534232365145228,13606.800000000001,13.370000000000001,1,0.20652173913043478,False,False,False,True,False,False,False,True,False,1
53,100.7,264.1,106,3,0.29,0,26,2.6226415094339623,27994.600000000002,3.87,0,0.24528301886792453,True,False,False,False,False,False,False,True,False,0
58,58.6,89.9,55,6,0.4,0,30,1.5341296928327646,4944.5,8.399999999999999,0,0.5454545454545454,True,False,False,True,False,True,False,False,True,1
72,54.6,239.1,21,5,0.46,0,6,4.379120879120879,5021.099999999999,7.3,1,0.2857142857142857,False,False,False,False,False,True,False,False,True,0
79,101.5,60.4,8,7,0.38,0,12,0.5950738916256157,483.2,9.66,1,1.5,True,False,False,True,False,False,False,True,False,1
83,83.2,349.6,95,1,0.85,0,2,4.201923076923077,33212.0,1.85,1,0.021052631578947368,True,False,False,False,False,False,False,False,False,1
38,67.9,23.7,87,4,0.66,0,19,0.3490427098674521,2061.9,6.640000000000001,0,0.21839080459770116,False,False,False,False,False,True,False,False,True,0
83,98.0,139.6,114,0,0.16,0,4,1.4244897959183673,15914.4,0.0,1,0.03508771929824561,False,True,False,False,False,False,True,False,True,0
58,92.2,225.3,94,4,0.15,1,8,2.443600867678959,21178.2,4.6,1,0.0851063829787234,True,False,False,False,False,True,False,False,True,0
61,99.2,46.1,118,4,0.5,0,23,0.4647177419354839,5439.8,6.0,0,0.19491525423728814,True,False,False,False,True,False,False,False,True,0
55,90.3,122.3,118,0,0.08,0,4,1.35437430786268,14431.4,0.0,0,0.03389830508474576,False,False,False,False,False,False,False,True,False,0
77,58.7,316.6,49,6,0.32,1,8,5.393526405451448,15513.400000000001,7.92,2,0.16326530612244897,True,False,False,True,False,True,False,False,False,0
48,54.0,289.3,9,5,0.65,0,3,5.357407407407408,2603.7000000000003,8.25,0,0.3333333333333333,False,True,False,False,False,True,False,True,False,1
57,108.9,270.7,55,8,0.54,0,24,2.485766758494031,14888.5,12.32,0,0.43636363636363634,True,False,False,False,False,False,True,False,False,1
70,100.6,550.6,56,8,0.65,0,25,5.473161033797218,30833.600000000002,13.2,1,0.44642857142857145,True,False,True,False,False,False,False,False,False,1
35,90.8,41.5,88,0,0.36,0,13,0.45704845814977973,3652.0,0.0,0,0.14772727272727273,False,False,False,False,False,True,False,False,False,0
63,87.2,68.9,54,8,0.75,1,19,0.7901376146788991,3720.6000000000004,14.0,1,0.35185185185185186,True,False,False,False,True,False,True,False,False,1
72,62.0,240.1,95,0,0.14,0,24,3.8725806451612903,22809.5,0.0,1,0.25263157894736843,True,False,False,False,False,True,False,False,True,1
41,73.1,354.8,67,4,0.87,0,1,4.853625170998632,23771.600000000002,7.48,0,0.014925373134328358,False,True,False,False,False,True,False,False,True,1
38,50.797,593.1,61,7,0.96,0,25,11.675886371242397,36179.1,13.719999999999999,0,0.4098360655737705,False,False,False,True,False,True,False,False,False,1
32,76.7,125.1,70,8,0.32,0,2,1.6310299869621903,8757.0,10.56,0,0.02857142857142857,False,False,False,True,False,False,False,True,False,0
22,90.4,218.0,41,0,0.52,0,21,2.411504424778761,8938.0,0.0,0,0.5121951219512195,True,False,True,False,False,False,False,False,True,0
56,80.6,110.9,40,5,0.3,0,26,1.3759305210918116,4436.0,6.5,0,0.65,False,False,False,True,False,True,False,False,True,0
32,102.5,153.2,86,6,0.45,0,3,1.4946341463414634,13175.199999999999,8.7,0,0.03488372093023256,True,False,False,False,False,False,True,False,False,0
65,53.6,234.9,119,2,0.35,0,4,4.382462686567164,27953.100000000002,2.7,1,0.03361344537815126,True,False,False,False,True,False,False,False,True,0
63,89.8,375.2,100,7,0.22,0,24,4.178173719376392,37520.0,8.54,0,0.24,False,False,True,False,False,False,False,False,True,0
68,102.8,274.6,38,4,0.21,0,29,2.671206225680934,10434.800000000001,4.84,1,0.7631578947368421,False,False,True,False,False,False,False,True,False,0
21,85.4,214.9,76,4,0.09,1,30,2.5163934426229506,16332.4,4.36,2,0.39473684210526316,True,False,True,False,False,False,True,True,False,0
50,54.9,356.6,106,0,0.31,1,18,6.49544626593807,37799.600000000006,0.0,1,0.16981132075471697,False,True,False,False,False,False,True,True,False,1
33,96.6,521.3,110,4,0.99,0,18,5.39648033126294,57342.99999999999,7.96,0,0.16363636363636364,True,False,False,False,False,False,False,False,False,1
28,67.6,390.2,56,5,0.93,0,13,5.772189349112426,21851.2,9.65,0,0.23214285714285715,True,False,False,True,False,False,False,False,False,1
82,77.3,193.1,97,5,0.61,0,11,2.498059508408797,18730.7,8.049999999999999,1,0.1134020618556701,False,False,False,False,False,False,True,False,False,1
70,92.6,389.0,79,6,0.43,0,24,4.20086393088553,30731.0,8.58,1,0.3037974683544304,False,False,False,False,False,True,False,False,True,1
26,81.3,122.7,69,5,0.92,0,20,1.5092250922509225,8466.300000000001,9.6,0,0.2898550724637681,True,True,False,False,False,False,False,False,True,1
46,91.8,68.0,18,3,0.77,0,27,0.7407407407407408,1224.0,5.3100000000000005,0,1.5,True,True,False,False,False,False,False,False,True,0
43,58.6,82.4,19,7,0.35,0,26,1.4061433447098977,1565.6000000000001,9.450000000000001,0,1.368421052631579,False,False,False,True,False,False,True,False,True,0
20,89.5,593.118,75,3,0.01,0,22,6.627016759776537,44483.850000000006,3.0300000000000002,1,0.29333333333333333,True,False,False,False,False,True,False,False,False,1
71,71.2,459.4,67,2,0.08,1,12,6.452247191011235,30779.8,2.16,2,0.1791044776119403,False,False,False,False,False,False,True,False,False,1
30,75.6,116.7,30,0,0.63,0,16,1.5436507936507937,3501.0,0.0,1,0.5333333333333333,True,False,False,False,False,False,False,False,False,0
40,81.4,122.2,45,5,0.75,0,3,1.5012285012285012,5499.0,8.75,0,0.06666666666666667,False,False,True,False,False,False,False,True,False,1
74,56.7,147.5,74,1,0.71,0,3,2.6014109347442678,10915.0,1.71,1,0.04054054054054054,False,False,True,False,False,False,False,False,False,1
76,94.6,283.0,35,1,0.61,0,30,2.99154334038055,9905.0,1.6099999999999999,1,0.8571428571428571,True,False,False,False,True,False,False,False,False,0
44,79.0,89.7,44,5,0.49,0,26,1.1354430379746836,3946.8,7.45,0,0.5909090909090909,True,False,False,False,False,False,True,True,False,1
78,81.4,219.3,100,1,0.79,0,2,2.694103194103194,21930.0,1.79,1,0.02,False,False,False,False,True,False,False,False,True,1
41,51.0,71.0,111,1,0.8,0,17,1.392156862745098,7881.0,1.8,0,0.15315315315315314,True,False,False,False,False,False,False,False,True,0
56,88.6,108.7,41,5,0.92,0,11,1.22686230248307,4456.7,9.6,0,0.2682926829268293,True,False,False,False,False,False,False,False,True,0
67,65.5,313.7,33,3,0.6,0,6,4.789312977099237,10352.1,4.800000000000001,1,0.18181818181818182,True,False,True,False,False,True,False,False,True,0
56,61.1,140.7,6,7,0.77,0,5,2.3027823240589194,844.1999999999999,12.39,0,0.8333333333333334,True,False,False,False,False,False,False,True,False,0
73,81.3,512.3,23,0,0.07,0,21,6.301353013530135,11782.9,0.0,1,0.9130434782608695,True,False,False,False,False,False,True,True,False,0
25,81.4,532.1,94,8,0.13,1,26,6.536855036855036,50017.4,9.04,1,0.2765957446808511,True,False,False,False,False,True,False,True,False,0
29,99.5,447.3,101,4,0.81,0,17,4.495477386934674,45177.3,7.24,0,0.16831683168316833,False,False,False,False,False,True,False,False,False,1
72,99.7,141.1,48,8,0.93,0,9,1.4152457372116347,6772.799999999999,15.440000000000001,1,0.1875,True,False,False,True,False,True,False,True,False,1
83,97.1,243.3,98,5,0.17,0,11,2.5056642636457265,23843.4,5.85,1,0.11224489795918367,False,False,False,False,False,True,False,True,False,0
51,87.4,537.7,76,3,0.32,0,28,6.1521739130434785,40865.200000000004,3.96,0,0.3684210526315789,False,False,False,True,False,False,True,False,True,1
60,72.9,477.0,49,3,0.75,0,4,6.54320987654321,23373.0,5.25,0,0.08163265306122448,False,False,False,False,False,True,False,False,True,1
72,50.797,525.6,37,7,0.61,0,12,10.347067740220881,19447.2,11.27,1,0.32432432432432434,False,False,False,False,True,False,True,True,False,1
67,78.3,274.9,82,1,0.53,1,13,3.5108556832694764,22541.8,1.53,2,0.15853658536585366,True,False,False,False,False,True,False,True,False,1
79,107.7,173.6,28,1,0.58,0,20,1.6118848653667595,4860.8,1.58,2,0.7142857142857143,True,False,False,False,True,False,True,False,False,1
80,75.2,584.6,50,2,0.62,0,7,7.773936170212766,29230.0,3.24,1,0.14,False,True,False,False,False,True,False,True,False,1
45,69.5,404.2,27,2,0.08,0,17,5.8158273381294965,10913.4,2.16,0,0.6296296296296297,True,False,False,False,True,False,False,True,False,1
39,61.0,585.2,12,5,0.88,0,16,9.593442622950821,7022.400000000001,9.399999999999999,1,1.3333333333333333,True,False,False,True,False,False,True,True,False,0
34,78.3,231.0,16,8,0.6,0,10,2.950191570881226,3696.0,12.8,0,0.625,False,False,True,False,False,False,True,False,False,1
40,96.9,186.4,113,7,0.12,0,11,1.9236326109391124,21063.2,7.840000000000001,0,0.09734513274336283,False,False,False,True,False,False,True,False,True,0
53,99.8,80.4,44,2,0.78,0,29,0.8056112224448898,3537.6000000000004,3.56,0,0.6590909090909091,False,False,False,False,True,False,True,True,False,0
63,88.8,423.0,75,5,0.25,0,6,4.763513513513514,31725.0,6.25,0,0.08,False,False,False,False,False,False,False,False,False,1
39,85.0,318.9,79,5,0.53,0,28,3.7517647058823527,25193.1,7.65,0,0.35443037974683544,True,False,False,False,False,False,False,False,False,1
44,99.4,105.0,75,3,0.54,0,1,1.056338028169014,7875.0,4.62,1,0.013333333333333334,False,False,False,False,True,False,True,False,False,0
55,87.9,128.9,34,8,0.57,0,13,1.4664391353811148,4382.6,12.559999999999999,0,0.38235294117647056,True,False,False,False,False,True,False,True,False,1
46,80.2,168.4,48,1,0.38,0,25,2.0997506234413965,8083.200000000001,1.38,1,0.5208333333333334,True,False,False,False,False,False,True,False,True,0
84,61.0,300.3,59,5,0.21,0,24,4.922950819672131,17717.7,6.05,2,0.4067796610169492,True,False,False,False,False,True,False,False,True,1
84,100.2,161.1,119,3,0.47,0,10,1.6077844311377245,19170.899999999998,4.41,1,0.08403361344537816,False,False,True,False,False,False,True,False,False,1
57,51.5,570.6,72,3,0.18,0,29,11.079611650485438,41083.200000000004,3.54,0,0.4027777777777778,False,False,False,True,False,False,False,True,False,0
69,63.1,89.6,34,3,0.69,0,9,1.4199683042789222,3046.3999999999996,5.07,2,0.2647058823529412,False,False,True,False,False,False,True,False,True,1
79,96.3,250.1,56,8,0.64,0,14,2.597092419522326,14005.6,13.120000000000001,2,0.25,False,False,False,False,False,False,True,False,True,1
78,94.0,408.2,37,3,0.66,0,21,4.342553191489362,15103.4,4.98,1,0.5675675675675675,True,True,False,False,False,True,False,False,True,1
22,77.1,362.3,77,4,0.75,0,21,4.699092088197147,27897.100000000002,7.0,0,0.2727272727272727,True,False,True,False,False,False,False,True,False,0
42,58.5,362.5,65,1,0.86,0,11,6.196581196581197,23562.5,1.8599999999999999,0,0.16923076923076924,False,False,True,False,False,False,False,True,False,1
39,91.9,558.9,36,7,0.22,0,25,6.0816104461371046,20120.399999999998,8.54,0,0.6944444444444444,True,False,False,False,False,False,True,False,True,1
20,71.1,277.7,59,1,0.97,0,12,3.9057665260196908,16384.3,1.97,0,0.2033898305084746,True,False,False,False,False,False,False,True,False,0
34,95.8,395.2,86,3,0.04,0,2,4.125260960334029,33987.2,3.12,1,0.023255813953488372,True,False,False,False,False,False,True,False,False,1
79,82.8,94.7,42,1,0.22,1,19,1.143719806763285,3977.4,1.22,2,0.4523809523809524,False,False,False,True,False,True,False,True,False,1
21,72.4,65.1,21,6,0.23,0,6,0.8991712707182319,1367.1,7.38,0,0.2857142857142857,False,False,False,True,False,True,False,False,False,0
79,60.3,480.8,119,3,0.67,0,12,7.97346600331675,57215.200000000004,5.01,2,0.10084033613445378,True,False,True,False,False,True,False,False,False,1
19,55.1,133.0,40,0,0.86,0,27,2.413793103448276,5320.0,0.0,0,0.675,True,False,True,False,False,False,False,False,True,0
21,71.7,154.2,19,1,0.99,0,23,2.1506276150627612,2929.7999999999997,1.99,0,1.2105263157894737,True,False,True,False,False,False,True,True,False,0
34,65.3,122.9,81,0,0.57,0,20,1.8820826952526801,9954.9,0.0,0,0.24691358024691357,True,False,True,False,False,True,False,True,False,0
37,103.6,474.7,74,3,0.56,0,4,4.582046332046332,35127.799999999996,4.68,0,0.05405405405405406,False,False,False,False,False,False,False,False,False,1
62,109.1,53.7,31,5,0.26,0,8,0.4922089825847846,1664.7,6.3,0,0.25806451612903225,False,True,False,False,False,False,True,False,False,0
69,106.9,344.5,65,3,0.01,0,30,3.2226379794200186,22392.5,3.0300000000000002,1,0.46153846153846156,True,False,True,False,False,False,True,True,False,0
22,100.8,349.4,36,1,0.83,0,9,3.466269841269841,12578.4,1.83,0,0.25,False,False,False,True,False,False,True,False,False,1
46,76.1,581.6,95,4,0.97,1,14,7.6425755584756905,55252.0,7.88,1,0.14736842105263157,False,True,False,False,False,True,False,True,False,0
36,64.0,48.9,16,0,0.21,1,14,0.7640625,782.4,0.0,1,0.875,False,True,False,False,False,True,False,False,False,0
26,51.0,184.7,119,3,0.27,0,2,3.62156862745098,21979.3,3.81,0,0.01680672268907563,True,False,False,False,False,True,False,True,False,0
54,76.9,369.6,34,0,0.24,0,7,4.806241872561769,12566.400000000001,0.0,0,0.20588235294117646,True,False,False,False,False,False,False,False,False,1
22,78.3,470.5,14,0,0.27,1,14,6.008939974457216,6587.0,0.0,1,1.0,False,False,False,False,False,False,False,False,True,1
33,108.4,381.1,6,4,0.25,0,17,3.515682656826568,2286.6000000000004,5.0,0,2.8333333333333335,False,True,False,False,False,False,True,False,False,1
34,99.0,492.0,106,8,0.04,0,3,4.96969696969697,52152.0,8.32,1,0.02830188679245283,False,False,False,False,False,True,False,False,True,1
51,66.5,310.7,54,7,0.75,0,17,4.6721804511278195,16777.8,12.25,0,0.3148148148148148,True,False,False,True,False,False,False,True,False,0
37,64.1,460.6,60,0,0.7,0,7,7.185647425897037,27636.0,0.0,0,0.11666666666666667,False,False,False,False,True,True,False,False,True,1
84,66.8,572.9,31,7,0.9,0,21,8.576347305389222,17759.899999999998,13.299999999999999,1,0.6774193548387096,True,False,True,False,False,True,False,False,True,1
79,53.9,253.5,60,7,0.71,1,29,4.703153988868275,15210.0,11.969999999999999,3,0.48333333333333334,True,False,True,False,False,False,True,False,False,1
64,106.4,87.9,81,2,0.17,0,6,0.8261278195488722,7119.900000000001,2.34,0,0.07407407407407407,False,False,False,False,False,False,True,False,False,0
33,89.9,486.5,115,4,0.01,0,9,5.411568409343715,55947.5,4.04,0,0.0782608695652174,True,False,False,False,False,False,False,False,True,1
19,53.2,233.7,6,3,0.73,0,11,4.392857142857142,1402.1999999999998,5.1899999999999995,0,1.8333333333333333,True,False,False,False,True,False,False,True,False,0
36,89.2,325.2,73,2,0.91,1,26,3.645739910313901,23739.6,3.8200000000000003,1,0.3561643835616438,False,False,False,False,False,False,True,True,False,1
81,66.0,470.7,40,0,0.82,0,4,7.131818181818182,18828.0,0.0,1,0.1,True,False,False,False,True,False,True,False,False,0
49,86.6,353.5,31,3,0.73,0,6,4.081986143187067,10958.5,5.1899999999999995,0,0.1935483870967742,True,False,False,False,True,False,False,False,True,1
23,90.8,359.6,118,7,0.57,0,15,3.9603524229074893,42432.8,10.989999999999998,0,0.1271186440677966,True,False,False,False,False,False,False,False,True,0
41,70.3,77.9,20,4,0.31,0,16,1.1081081081081083,1558.0,5.24,0,0.8,True,False,False,True,False,True,False,True,False,0
70,80.5,523.3,11,4,0.03,0,1,6.500621118012422,5756.299999999999,4.12,1,0.09090909090909091,False,False,False,False,False,True,False,False,True,1
65,101.7,171.7,32,8,0.23,0,22,1.6882989183874137,5494.4,9.84,1,0.6875,False,False,False,False,False,False,True,False,False,0
40,52.4,463.6,17,6,0.42,0,4,8.84732824427481,7881.200000000001,8.52,0,0.23529411764705882,False,False,False,False,True,False,True,False,False,1
53,69.1,439.3,113,8,0.32,1,9,6.357452966714907,49640.9,10.56,1,0.07964601769911504,True,False,True,False,False,True,False,True,False,1
58,71.3,354.0,21,8,0.22,0,29,4.964936886395512,7434.0,9.76,0,1.380952380952381,False,True,False,False,False,False,True,False,False,1
44,57.5,111.0,61,0,0.84,0,3,1.9304347826086956,6771.0,0.0,0,0.04918032786885246,True,False,False,False,False,True,False,True,False,0
71,53.3,407.9,8,1,0.66,0,19,7.652908067542214,3263.2,1.6600000000000001,1,2.375,True,False,True,False,False,False,True,False,False,0
33,109.4,539.5,50,6,0.2,0,8,4.93144424131627,26975.0,7.199999999999999,0,0.16,True,False,False,False,False,True,False,True,False,1
25,100.2,171.8,102,5,0.89,0,26,1.7145708582834331,17523.600000000002,9.450000000000001,0,0.2549019607843137,False,False,True,False,False,False,False,False,False,0
69,62.1,229.1,51,4,0.08,0,22,3.6892109500805152,11684.1,4.32,1,0.43137254901960786,True,False,False,False,False,True,False,True,False,1
84,89.2,493.2,119,8,0.44,0,8,5.52914798206278,58690.799999999996,11.52,1,0.06722689075630252,True,False,False,False,True,False,False,True,False,1
53,78.8,446.4,106,8,0.68,1,25,5.66497461928934,47318.399999999994,13.440000000000001,1,0.2358490566037736,True,False,True,False,False,False,True,False,False,0
24,74.5,230.4,61,3,0.22,0,6,3.0926174496644294,14054.4,3.66,0,0.09836065573770492,True,False,False,False,True,False,True,True,False,0
52,63.1,192.4,46,1,0.38,1,27,3.0491283676703644,8850.4,1.38,1,0.5869565217391305,True,False,False,False,False,False,False,True,False,0
64,70.3,348.9,80,3,0.11,0,2,4.9630156472261735,27912.0,3.33,0,0.025,True,False,False,False,False,True,False,False,False,0
36,109.4,120.9,67,8,0.63,0,24,1.1051188299817185,8100.3,13.04,0,0.3582089552238806,True,True,False,False,False,False,False,True,False,0
70,56.3,498.8,63,7,0.63,0,8,8.85968028419183,31424.4,11.41,2,0.12698412698412698,True,False,False,False,True,False,False,False,True,0
59,108.8,511.8,78,1,0.73,1,2,4.704044117647059,39920.4,1.73,2,0.02564102564102564,False,False,False,True,False,False,True,False,True,0
82,109.1,24.2,75,5,0.59,0,13,0.22181484876260313,1815.0,7.949999999999999,1,0.17333333333333334,False,False,False,False,True,False,False,True,False,1
65,98.3,474.0,24,7,0.43,1,15,4.821973550356053,11376.0,10.01,2,0.625,False,True,False,False,False,False,False,True,False,0
58,84.0,335.5,99,6,0.18,0,10,3.994047619047619,33214.5,7.08,0,0.10101010101010101,True,False,False,False,True,False,True,False,True,1
37,51.2,409.9,20,6,0.15,0,26,8.005859374999998,8198.0,6.8999999999999995,0,1.3,False,False,False,False,False,False,False,False,False,0
46,92.5,64.3,113,0,0.62,1,16,0.6951351351351351,7265.9,0.0,1,0.1415929203539823,True,False,False,False,True,False,True,True,False,0
18,80.3,99.5,113,6,0.56,0,30,1.2391033623910337,11243.5,9.36,0,0.26548672566371684,False,True,False,False,False,True,False,False,True,1
64,60.8,502.7,104,2,0.51,1,7,8.268092105263158,52280.799999999996,3.02,1,0.0673076923076923,True,False,False,False,False,False,False,False,False,0
27,90.8,279.5,11,7,0.77,0,9,3.078193832599119,3074.5,12.39,0,0.8181818181818182,False,False,False,False,True,False,False,False,True,1
44,55.3,415.4,97,0,0.39,0,6,7.511754068716094,40293.799999999996,0.0,0,0.061855670103092786,True,False,False,False,True,True,False,False,False,0
24,76.0,593.118,98,0,0.53,0,13,7.804184210526317,58125.564000000006,0.0,0,0.1326530612244898,True,False,False,False,False,False,True,False,False,1
48,85.4,524.7,48,7,0.06,0,14,6.144028103044497,25185.600000000002,7.42,0,0.2916666666666667,False,False,False,False,True,True,False,False,True,1
39,89.6,453.2,97,8,0.35,0,9,5.058035714285714,43960.4,10.8,0,0.09278350515463918,True,False,False,True,False,False,False,True,False,0
25,73.8,463.5,71,1,0.42,1,8,6.280487804878049,32908.5,1.42,1,0.11267605633802817,True,False,True,False,False,True,False,True,False,0
75,62.4,349.0,116,3,0.26,0,6,5.592948717948718,40484.0,3.7800000000000002,2,0.05172413793103448,True,True,False,False,False,True,False,True,False,1
68,70.6,343.5,26,5,0.61,1,3,4.86543909348442,8931.0,8.049999999999999,2,0.11538461538461539,False,False,False,False,True,False,False,False,True,1
38,76.6,303.8,104,6,0.56,0,4,3.9660574412532643,31595.2,9.36,0,0.038461538461538464,True,False,False,False,True,False,False,False,True,1
79,60.0,36.2,46,8,0.45,0,13,0.6033333333333334,1665.2,11.6,1,0.2826086956521739,False,False,False,False,True,False,False,False,True,1
49,76.0,124.0,12,7,0.22,0,15,1.631578947368421,1488.0,8.54,0,1.25,True,False,False,True,False,True,False,True,False,1
41,56.5,127.4,97,2,0.79,0,11,2.2548672566371684,12357.800000000001,3.58,0,0.1134020618556701,False,True,False,False,False,True,False,True,False,0
27,57.0,435.0,110,2,0.77,0,5,7.631578947368421,47850.0,3.54,0,0.045454545454545456,True,True,False,False,False,False,True,True,False,1
24,62.1,401.9,8,6,0.78,1,8,6.471819645732689,3215.2,10.68,1,1.0,True,False,False,False,False,False,False,False,True,1
26,59.6,567.5,26,4,0.47,0,5,9.521812080536913,14755.0,5.88,0,0.19230769230769232,False,False,True,False,False,True,False,False,True,1
35,63.0,267.5,46,7,0.44,1,1,4.246031746031746,12305.0,10.08,1,0.021739130434782608,False,False,False,False,False,True,False,False,False,1
48,78.1,23.7,10,4,0.3,0,2,0.3034571062740077,237.0,5.2,0,0.2,True,False,True,False,False,True,False,False,False,0
40,76.4,342.8,45,4,0.1,1,30,4.486910994764398,15426.0,4.4,2,0.6666666666666666,True,True,False,False,False,True,False,False,False,0
71,94.5,460.2,32,5,0.4,1,26,4.869841269841269,14726.4,7.0,2,0.8125,False,False,False,True,False,True,False,False,True,1
47,91.8,531.1,27,1,0.57,1,25,5.785403050108933,14339.7,1.5699999999999998,1,0.9259259259259259,False,False,False,True,False,False,True,True,False,0
68,63.7,281.1,119,3,0.59,0,15,4.41287284144427,33450.9,4.77,1,0.12605042016806722,True,False,False,True,False,False,False,True,False,0
65,61.9,58.3,49,1,0.64,0,21,0.9418416801292406,2856.7,1.6400000000000001,1,0.42857142857142855,False,False,False,True,False,True,False,False,False,0
50,88.4,509.5,37,7,0.3,0,16,5.763574660633484,18851.5,9.1,0,0.43243243243243246,True,False,True,False,False,False,True,True,False,1
62,75.9,557.7,89,5,0.87,1,9,7.3478260869565215,49635.3,9.350000000000001,1,0.10112359550561797,True,True,False,False,False,False,True,False,False,1
35,86.9,559.6,118,0,0.07,0,10,6.439585730724971,66032.8,0.0,0,0.0847457627118644,False,False,False,True,False,False,True,False,False,0
23,69.6,489.4,98,5,0.7,0,15,7.031609195402299,47961.2,8.5,0,0.15306122448979592,True,False,False,True,False,False,False,False,False,0
74,87.4,194.3,105,2,0.48,0,14,2.223112128146453,20401.5,2.96,1,0.13333333333333333,False,False,True,False,False,True,False,False,False,1
61,73.2,52.8,96,0,0.43,0,2,0.721311475409836,5068.799999999999,0.0,0,0.020833333333333332,True,False,False,False,True,False,False,False,False,0
68,69.1,214.4,75,6,0.72,1,22,3.1027496382054998,16080.0,10.32,2,0.29333333333333333,False,False,False,True,False,True,False,False,True,0
57,107.9,162.6,89,2,0.16,0,27,1.5069508804448561,14471.4,2.32,0,0.30337078651685395,True,False,True,False,False,False,False,False,False,0
69,66.7,517.1,67,0,0.86,0,5,7.752623688155922,34645.700000000004,0.0,1,0.07462686567164178,False,False,False,False,False,True,False,False,True,1
42,106.3,33.7,74,6,0.06,1,29,0.31702728127939794,2493.8,6.36,1,0.3918918918918919,False,False,True,False,False,False,True,False,True,1
45,103.5,100.9,19,2,0.71,0,10,0.9748792270531401,1917.1000000000001,3.42,0,0.5263157894736842,True,False,False,False,False,False,True,False,True,0
70,73.5,188.0,42,8,0.05,1,25,2.557823129251701,7896.0,8.4,2,0.5952380952380952,False,False,False,False,False,False,True,False,False,0
20,62.7,111.1,89,8,0.82,1,8,1.7719298245614032,9887.9,14.559999999999999,1,0.0898876404494382,True,False,False,True,False,False,True,False,False,1
33,94.8,220.7,40,1,0.37,0,8,2.3280590717299576,8828.0,1.37,0,0.2,True,False,False,False,False,False,True,True,False,0
71,50.797,34.1,75,6,0.99,0,22,0.6712994861901294,2557.5,11.94,1,0.29333333333333333,True,False,True,False,False,True,False,False,False,1
60,104.3,262.2,60,0,0.79,0,3,2.5139022051773727,15732.0,0.0,0,0.05,False,False,False,False,False,False,False,True,False,0
66,70.2,171.8,96,4,0.83,0,28,2.4472934472934473,16492.800000000003,7.32,1,0.2916666666666667,False,False,True,False,False,False,False,True,False,0
73,104.0,448.1,81,0,0.57,1,2,4.308653846153846,36296.1,0.0,2,0.024691358024691357,True,True,False,False,False,False,False,True,False,1
76,102.8,197.9,29,0,0.61,0,30,1.9250972762645915,5739.1,0.0,1,1.0344827586206897,False,True,False,False,False,False,False,True,False,0
72,74.3,36.4,86,2,0.62,1,29,0.4899057873485868,3130.4,3.24,2,0.3372093023255814,True,False,False,False,False,False,False,False,True,0
56,58.1,123.6,85,2,0.02,1,11,2.12736660929432,10506.0,2.04,1,0.12941176470588237,False,False,False,False,False,False,False,False,False,0
25,83.4,420.1,10,8,0.04,0,21,5.037170263788969,4201.0,8.32,1,2.1,True,False,False,False,True,False,False,False,True,1
56,94.3,426.2,6,4,0.95,0,28,4.519618239660658,2557.2,7.8,0,4.666666666666667,False,False,False,False,True,False,False,True,False,0
21,82.7,464.3,66,4,0.15,0,18,5.614268440145103,30643.8,4.6,0,0.2727272727272727,True,False,True,False,False,False,False,False,True,1
51,80.1,386.4,61,4,0.38,0,23,4.823970037453184,23570.399999999998,5.52,1,0.3770491803278688,True,False,False,True,False,True,False,False,True,0
76,84.7,278.0,52,6,0.46,0,2,3.282172373081464,14456.0,8.76,1,0.038461538461538464,False,False,False,True,False,False,False,False,False,1
32,99.8,565.4,50,6,0.39,0,23,5.6653306613226455,28270.0,8.34,0,0.46,False,False,False,False,False,False,False,False,False,0
24,58.4,369.4,89,1,0.68,0,3,6.325342465753424,32876.6,1.6800000000000002,0,0.033707865168539325,False,False,False,False,True,True,False,True,False,0
37,98.6,292.2,58,5,0.73,0,30,2.9634888438133875,16947.6,8.65,0,0.5172413793103449,True,False,False,False,False,False,True,True,False,1
25,89.4,464.5,91,0,0.21,1,2,5.1957494407158835,42269.5,0.0,1,0.02197802197802198,True,False,False,False,False,True,False,False,True,0
54,51.0,234.9,88,2,0.99,0,24,4.605882352941177,20671.2,3.98,0,0.2727272727272727,False,True,False,False,False,False,False,False,False,0
48,62.2,544.3,13,4,0.6,0,27,8.7508038585209,7075.9,6.4,0,2.076923076923077,False,False,False,False,False,False,True,True,False,0
82,77.3,527.1,29,0,0.06,0,10,6.8188874514877105,15285.900000000001,0.0,1,0.3448275862068966,True,False,False,False,False,False,True,True,False,0
46,98.6,340.8,39,7,0.15,0,3,3.4563894523326577,13291.2,8.049999999999999,0,0.07692307692307693,True,False,False,False,True,False,False,False,True,1
43,70.4,476.8,99,4,0.56,1,6,6.7727272727272725,47203.200000000004,6.24,1,0.06060606060606061,True,False,False,False,False,False,False,True,False,0
59,60.0,333.9,39,5,0.48,0,23,5.5649999999999995,13022.099999999999,7.4,0,0.5897435897435898,False,False,True,False,False,False,False,True,False,1
71,92.6,376.6,44,6,0.36,1,16,4.0669546436285104,16570.4,8.16,2,0.36363636363636365,True,False,False,False,False,False,False,False,True,1
76,108.1,96.4,74,1,0.1,0,12,0.8917668825161889,7133.6,1.1,1,0.16216216216216217,False,False,True,False,False,False,False,True,False,1
72,55.2,192.1,14,4,0.48,0,21,3.4800724637681157,2689.4,5.92,1,1.5,True,False,False,False,False,False,True,False,False,0
51,98.5,482.2,91,1,0.18,0,9,4.895431472081218,43880.2,1.18,0,0.0989010989010989,False,False,True,False,False,True,False,False,False,0
61,83.3,367.8,74,5,0.16,0,7,4.415366146458584,27217.2,5.8,0,0.0945945945945946,False,False,False,False,False,False,False,False,False,0
56,104.4,184.0,77,2,0.4,0,28,1.7624521072796935,14168.0,2.8,0,0.36363636363636365,False,False,False,True,False,False,False,True,False,0
67,91.0,307.3,57,6,0.69,0,20,3.376923076923077,17516.100000000002,10.14,1,0.3508771929824561,False,False,False,True,False,False,True,False,False,1
35,85.5,272.0,95,2,0.26,0,5,3.181286549707602,25840.0,2.52,0,0.05263157894736842,False,False,False,False,True,True,False,True,False,0
33,80.6,302.7,40,1,0.5,0,3,3.7555831265508686,12108.0,1.5,1,0.075,True,False,False,False,True,False,False,False,False,1
63,89.2,263.9,119,2,0.61,0,11,2.958520179372197,31404.1,3.2199999999999998,1,0.09243697478991597,True,True,False,False,False,False,True,False,False,0
69,67.3,358.2,34,6,0.27,0,11,5.3224368499257055,12178.8,7.62,1,0.3235294117647059,True,False,False,False,False,False,False,False,False,1
79,57.9,405.8,61,4,0.58,0,10,7.008635578583766,24753.8,6.32,2,0.16393442622950818,False,False,True,False,False,False,True,False,True,1
35,103.6,47.6,33,7,0.37,0,13,0.4594594594594595,1570.8,9.59,0,0.3939393939393939,True,False,True,False,False,True,False,True,False,0
67,57.6,101.3,10,5,0.11,0,4,1.7586805555555554,1013.0,5.550000000000001,1,0.4,True,True,False,False,False,True,False,True,False,1
57,55.4,462.5,59,1,0.89,0,6,8.348375451263538,27287.5,1.8900000000000001,0,0.1016949152542373,True,False,False,False,False,False,True,True,False,1
67,85.7,396.2,91,8,0.93,0,8,4.623103850641773,36054.2,15.440000000000001,1,0.08791208791208792,False,False,False,False,False,False,False,True,False,0
74,93.8,158.9,77,7,0.21,0,1,1.6940298507462688,12235.300000000001,8.469999999999999,1,0.012987012987012988,False,False,False,False,True,False,False,True,False,1
84,71.4,390.7,76,2,0.19,0,26,5.4719887955182065,29693.2,2.38,1,0.34210526315789475,False,False,True,False,False,False,True,False,True,0
51,84.0,312.7,106,5,0.79,1,4,3.7226190476190473,33146.2,8.95,1,0.03773584905660377,False,False,False,True,False,False,False,False,False,1
61,93.3,175.5,85,4,0.92,0,13,1.8810289389067525,14917.5,7.68,0,0.15294117647058825,True,False,False,False,True,False,False,True,False,0
36,53.9,362.4,17,2,0.39,1,4,6.723562152133581,6160.799999999999,2.7800000000000002,1,0.23529411764705882,True,False,False,False,True,True,False,False,False,1
76,81.4,224.7,77,0,0.43,0,13,2.76044226044226,17301.899999999998,0.0,1,0.16883116883116883,False,False,False,True,False,True,False,False,True,1
54,80.5,81.1,35,6,0.05,1,12,1.0074534161490682,2838.5,6.300000000000001,2,0.34285714285714286,True,False,False,False,False,False,False,False,False,1
52,58.0,168.6,32,7,0.76,1,2,2.9068965517241376,5395.2,12.32,1,0.0625,False,False,False,False,True,False,True,False,True,0
77,54.5,485.9,72,4,0.01,0,27,8.915596330275228,34984.799999999996,4.04,2,0.375,False,False,False,False,False,False,False,False,True,1
70,61.1,109.6,79,6,0.67,1,29,1.7937806873977085,8658.4,10.02,2,0.3670886075949367,True,False,False,True,False,True,False,True,False,1
44,109.0,543.6,49,3,0.21,0,14,4.987155963302753,26636.4,3.63,0,0.2857142857142857,False,False,True,False,False,False,True,False,True,1
20,66.1,554.9,107,0,0.08,0,28,8.394856278366113,59374.299999999996,0.0,0,0.2616822429906542,False,False,False,False,True,False,False,False,False,1
32,88.7,111.5,12,4,0.52,0,24,1.2570462232243518,1338.0,6.08,0,2.0,False,False,False,False,True,False,True,False,True,0
22,63.3,222.7,29,0,0.65,1,1,3.5181674565560823,6458.299999999999,0.0,2,0.034482758620689655,False,False,False,False,False,False,False,False,True,0
32,69.4,590.3,116,1,0.08,1,23,8.505763688760805,68474.79999999999,1.08,2,0.19827586206896552,True,True,False,False,False,False,False,True,False,1
35,71.9,269.8,76,4,0.27,0,20,3.752433936022253,20504.8,5.08,1,0.2631578947368421,True,False,False,False,False,False,False,False,False,0
25,95.7,144.3,115,7,0.16,0,22,1.5078369905956113,16594.5,8.12,1,0.19130434782608696,True,False,True,False,False,False,False,False,False,0
64,105.3,406.7,18,2,0.86,0,10,3.8622981956315288,7320.599999999999,3.7199999999999998,0,0.5555555555555556,False,False,False,True,False,False,False,False,False,1
38,87.8,591.5,84,2,0.1,0,29,6.736902050113896,49686.0,2.2,0,0.34523809523809523,True,True,False,False,False,True,False,False,False,0
61,104.0,220.1,108,3,0.57,0,16,2.1163461538461537,23770.8,4.709999999999999,0,0.14814814814814814,True,False,False,False,True,True,False,False,True,0
75,83.1,453.7,18,2,0.33,0,3,5.459687123947052,8166.599999999999,2.66,1,0.16666666666666666,True,False,True,False,False,True,False,False,False,0
60,81.6,465.7,68,5,0.35,0,3,5.707107843137255,31667.6,6.75,0,0.04411764705882353,False,False,True,False,False,False,False,False,False,0
31,76.7,552.0,87,7,0.02,0,20,7.196870925684485,48024.0,7.140000000000001,1,0.22988505747126436,True,False,False,False,True,False,True,True,False,0
32,66.4,113.4,58,2,0.39,0,7,1.7078313253012047,6577.200000000001,2.7800000000000002,0,0.1206896551724138,False,False,True,False,False,False,False,False,False,0
84,54.0,62.4,23,5,0.18,0,1,1.1555555555555554,1435.2,5.8999999999999995,1,0.043478260869565216,True,False,False,False,False,False,True,True,False,1
67,56.0,336.4,57,2,0.16,0,7,6.007142857142857,19174.8,2.32,1,0.12280701754385964,False,False,False,False,True,False,False,True,False,1
53,71.1,124.0,118,4,0.7,0,9,1.7440225035161745,14632.0,6.8,0,0.07627118644067797,True,False,False,True,False,True,False,True,False,0
18,72.9,323.4,78,3,0.9,0,21,4.436213991769547,25225.199999999997,5.699999999999999,0,0.2692307692307692,True,False,True,False,False,False,False,False,True,0
67,92.8,132.4,55,7,0.03,0,29,1.4267241379310347,7282.0,7.21,1,0.5272727272727272,False,False,False,True,False,False,True,False,False,1
64,78.2,468.7,57,6,0.28,0,18,5.993606138107417,26715.899999999998,7.68,0,0.3157894736842105,False,False,False,True,False,False,False,False,True,1
35,58.8,70.0,21,0,0.7,0,22,1.1904761904761905,1470.0,0.0,0,1.0476190476190477,True,False,False,False,True,False,False,False,False,0
65,89.1,519.9,64,0,0.53,0,7,5.835016835016835,33273.6,0.0,2,0.109375,False,False,False,False,True,True,False,True,False,1
84,108.0,450.3,37,2,0.69,0,14,4.169444444444444,16661.100000000002,3.38,1,0.3783783783783784,False,False,True,False,False,False,True,False,False,1
77,55.9,170.9,107,6,0.76,0,9,3.057245080500895,18286.3,10.56,1,0.08411214953271028,True,False,False,True,False,True,False,False,True,0
68,107.5,526.6,84,3,0.57,0,20,4.898604651162791,44234.4,4.709999999999999,2,0.23809523809523808,True,False,False,False,False,True,False,False,False,1
63,94.8,129.5,14,7,0.12,0,28,1.3660337552742616,1813.0,7.840000000000001,0,2.0,False,False,True,False,False,False,False,False,False,0
60,83.1,547.9,87,2,0.83,0,13,6.593261131167268,47667.299999999996,3.66,0,0.14942528735632185,True,False,False,False,False,True,False,False,False,1
22,103.5,138.5,29,8,0.08,1,10,1.3381642512077294,4016.5,8.64,1,0.3448275862068966,False,False,False,False,False,True,False,True,False,1
71,61.6,543.8,97,6,0.95,0,11,8.827922077922077,52748.6,11.7,1,0.1134020618556701,False,True,False,False,False,False,True,False,False,0
55,96.1,398.7,69,7,0.81,0,9,4.148803329864724,27510.3,12.67,0,0.13043478260869565,False,False,True,False,False,True,False,False,True,0
68,54.2,94.4,56,6,0.99,0,7,1.7416974169741697,5286.400000000001,11.94,1,0.125,False,False,False,True,False,False,False,False,False,0
38,80.9,305.8,106,2,0.57,1,14,3.779975278121137,32414.800000000003,3.1399999999999997,1,0.1320754716981132,True,False,False,False,True,False,True,False,False,1
24,81.1,356.3,66,0,0.93,0,8,4.393341553637485,23515.8,0.0,0,0.12121212121212122,True,False,False,True,False,False,True,False,False,1
73,70.5,389.0,35,8,0.13,0,2,5.5177304964539005,13615.0,9.04,1,0.05714285714285714,False,False,False,False,False,False,True,False,True,0
60,71.0,471.7,90,1,0.61,1,2,6.643661971830986,42453.0,1.6099999999999999,1,0.022222222222222223,True,False,False,True,False,False,True,False,True,1
65,89.2,74.3,63,6,0.97,0,10,0.8329596412556053,4680.9,11.82,1,0.15873015873015872,True,False,False,False,False,True,False,False,True,1
28,84.5,200.5,14,6,0.99,0,12,2.3727810650887573,2807.0,11.94,0,0.8571428571428571,False,False,False,False,False,False,True,True,False,1
29,76.0,212.0,102,0,0.63,0,17,2.789473684210526,21624.0,0.0,0,0.16666666666666666,True,False,False,False,False,True,False,False,False,0
70,99.5,146.3,45,0,0.76,0,28,1.47035175879397,6583.500000000001,0.0,1,0.6222222222222222,True,True,False,False,False,False,False,True,False,0
40,86.1,400.3,13,1,0.51,0,28,4.649245063879211,5203.900000000001,1.51,0,2.1538461538461537,False,True,False,False,False,True,False,False,True,1
18,71.6,177.9,101,2,0.43,0,15,2.48463687150838,17967.9,2.86,0,0.1485148514851485,False,True,False,False,False,False,True,True,False,0
22,69.0,240.3,91,7,0.74,0,4,3.482608695652174,21867.3,12.18,0,0.04395604395604396,True,False,False,True,False,False,False,False,False,0
26,71.3,444.7,81,2,0.24,0,4,6.237026647966339,36020.7,2.48,0,0.04938271604938271,False,False,False,False,True,True,False,True,False,0
55,86.6,558.6,101,4,0.82,0,26,6.450346420323326,56418.600000000006,7.279999999999999,0,0.25742574257425743,False,True,False,False,False,True,False,False,False,1
54,61.9,371.9,23,7,0.81,0,23,6.008077544426494,8553.699999999999,12.67,0,1.0,True,False,True,False,False,False,True,False,False,1
53,80.4,179.1,19,2,0.64,0,25,2.227611940298507,3402.9,3.2800000000000002,0,1.3157894736842106,True,False,True,False,False,True,False,True,False,0
54,66.8,263.7,103,2,0.67,0,14,3.947604790419162,27161.1,3.34,0,0.13592233009708737,False,False,False,True,False,False,False,False,True,0
24,83.3,200.5,89,6,0.3,0,14,2.406962785114046,17844.5,7.800000000000001,0,0.15730337078651685,True,False,False,False,False,False,False,False,True,1
73,106.3,108.6,79,3,0.44,0,10,1.0216368767638757,8579.4,4.32,1,0.12658227848101267,True,False,True,False,False,True,False,True,False,0
73,64.5,285.3,70,3,0.93,1,6,4.423255813953489,19971.0,5.790000000000001,2,0.08571428571428572,False,False,False,False,False,True,False,True,False,0
32,54.4,349.1,17,8,0.45,0,20,6.4172794117647065,5934.700000000001,11.6,0,1.1764705882352942,True,False,False,True,False,True,False,True,False,1
42,109.4,438.5,27,2,0.73,0,26,4.008226691042047,11839.5,3.46,0,0.9629629629629629,False,True,False,False,False,False,True,False,False,1
60,89.3,310.8,41,3,0.47,1,11,3.4804031354983205,12742.800000000001,4.41,1,0.2682926829268293,False,False,False,False,False,False,True,False,False,1
46,92.5,240.4,74,7,0.81,0,3,2.598918918918919,17789.600000000002,12.67,0,0.04054054054054054,False,False,False,False,False,False,False,False,False,0
82,55.8,245.3,50,6,0.51,1,17,4.396057347670252,12265.0,9.06,2,0.34,False,False,False,False,True,False,False,False,True,0
80,80.7,126.4,92,8,0.17,0,6,1.5662949194547708,11628.800000000001,9.36,1,0.06521739130434782,True,False,False,False,False,False,True,True,False,0
70,100.4,45.3,111,6,0.38,0,22,0.4511952191235059,5028.299999999999,8.28,1,0.1981981981981982,True,False,False,True,False,False,True,True,False,1
42,96.5,146.2,40,2,0.86,1,2,1.5150259067357512,5848.0,3.7199999999999998,1,0.05,True,False,False,False,False,False,False,True,False,0
40,53.8,451.1,49,0,0.71,0,20,8.384758364312269,22103.9,0.0,0,0.40816326530612246,True,False,False,False,False,True,False,False,True,0
56,55.4,410.3,57,5,0.04,0,3,7.406137184115524,23387.100000000002,5.2,0,0.05263157894736842,True,False,True,False,False,False,False,True,False,0
48,59.6,568.3,18,8,0.18,0,21,9.535234899328858,10229.4,9.44,0,1.1666666666666667,False,False,True,False,False,True,False,True,False,1
80,84.9,571.0,99,8,0.44,0,21,6.725559481743227,56529.0,11.52,1,0.21212121212121213,False,False,False,False,False,False,True,False,False,1
32,69.7,441.2,14,0,0.59,0,4,6.329985652797704,6176.8,0.0,1,0.2857142857142857,True,False,True,False,False,True,False,False,False,1
42,55.8,477.8,72,3,0.7,0,10,8.562724014336919,34401.6,5.1,0,0.1388888888888889,True,False,False,False,False,False,True,False,False,1
44,62.2,352.0,70,6,0.12,0,24,5.659163987138263,24640.0,6.720000000000001,0,0.34285714285714286,False,False,False,False,False,False,True,True,False,0
53,71.1,87.9,65,2,0.92,0,16,1.2362869198312239,5713.5,3.84,0,0.24615384615384617,True,False,True,False,False,False,False,True,False,0
61,108.1,213.5,37,5,0.97,0,15,1.975023126734505,7899.5,9.85,0,0.40540540540540543,False,False,False,False,True,False,True,False,False,0
80,73.6,502.1,100,8,0.23,0,3,6.822010869565219,50210.0,9.84,1,0.03,True,False,False,True,False,False,True,False,True,0
73,65.5,516.2,70,2,0.1,0,19,7.880916030534352,36134.0,2.2,1,0.2714285714285714,False,False,False,True,False,False,False,True,False,0
21,50.797,120.5,106,7,0.2,0,28,2.372187333897671,12773.0,8.4,0,0.2641509433962264,True,False,False,False,False,True,False,False,False,1
53,52.4,569.6,46,6,0.17,0,29,10.870229007633588,26201.600000000002,7.02,0,0.6304347826086957,True,False,False,False,False,True,False,True,False,1
26,72.7,534.3,50,8,0.03,0,23,7.349381017881705,26714.999999999996,8.24,0,0.46,True,False,False,False,True,True,False,False,False,0
49,59.7,495.9,54,7,0.87,1,2,8.306532663316583,26778.6,13.09,1,0.037037037037037035,False,False,False,True,False,False,True,False,True,1
75,96.4,386.6,106,8,0.5,1,23,4.0103734439834025,40979.600000000006,12.0,2,0.2169811320754717,False,True,False,False,False,False,True,False,False,1
51,78.2,413.5,49,7,0.74,0,7,5.28772378516624,20261.5,12.18,0,0.14285714285714285,True,True,False,False,False,True,False,True,False,1
55,50.797,37.3,116,5,0.27,0,28,0.7342953324015198,4326.799999999999,6.35,0,0.2413793103448276,True,False,False,False,True,False,True,True,False,1
24,88.5,125.6,80,3,0.25,1,15,1.4192090395480226,10048.0,3.75,1,0.1875,True,True,False,False,False,False,False,True,False,0
76,94.9,261.0,116,8,0.48,1,27,2.7502634351949418,30276.0,11.84,2,0.23275862068965517,True,False,False,False,False,True,False,True,False,1
59,104.5,243.1,84,1,0.53,0,27,2.3263157894736843,20420.399999999998,1.53,0,0.32142857142857145,True,False,False,True,False,False,True,False,False,0
21,59.4,520.6,100,1,0.15,0,3,8.764309764309765,52060.0,1.15,0,0.03,False,False,False,False,False,True,False,False,False,1
25,55.0,39.6,78,6,0.02,0,10,0.72,3088.8,6.12,0,0.1282051282051282,False,True,False,False,False,False,False,False,False,1
82,72.4,414.3,39,4,0.96,0,2,5.722375690607734,16157.7,7.84,1,0.05128205128205128,True,False,False,False,False,False,False,True,False,1
18,95.4,403.3,14,3,0.56,1,13,4.227463312368973,5646.2,4.68,1,0.9285714285714286,True,False,False,False,False,False,False,False,True,1
20,52.7,521.5,18,8,0.84,0,16,9.895635673624287,9387.0,14.719999999999999,0,0.8888888888888888,True,False,True,False,False,True,False,True,False,1
80,94.8,539.9,48,3,0.07,1,3,5.6951476793248945,25915.199999999997,3.21,2,0.0625,True,False,False,False,False,False,True,False,True,0
21,83.0,134.6,101,8,0.33,0,17,1.6216867469879517,13594.599999999999,10.64,0,0.16831683168316833,True,False,True,False,False,False,False,False,True,1
68,67.1,554.3,21,4,0.08,0,14,8.26080476900149,11640.3,4.32,1,0.6666666666666666,True,False,False,False,False,False,False,False,False,1
70,100.8,58.0,118,5,0.72,0,11,0.5753968253968255,6844.0,8.6,1,0.09322033898305085,True,False,False,True,False,False,True,False,False,0
42,99.3,127.1,73,3,0.37,0,6,1.2799597180261832,9278.3,4.11,0,0.0821917808219178,False,False,True,False,False,True,False,True,False,0
20,98.0,573.1,42,1,0.8,0,4,5.84795918367347,24070.2,1.8,0,0.09523809523809523,False,False,False,False,True,True,False,True,False,1
48,86.7,258.8,78,1,0.05,0,3,2.9850057670126873,20186.4,1.05,0,0.038461538461538464,True,False,False,True,False,False,True,False,True,0
24,52.4,357.1,12,2,0.59,0,15,6.814885496183207,4285.200000000001,3.1799999999999997,0,1.25,False,False,False,False,True,False,False,False,True,0
83,80.5,272.7,99,6,0.46,0,17,3.3875776397515525,26997.3,8.76,1,0.1717171717171717,True,False,True,False,False,True,False,False,False,1
57,60.4,72.1,62,5,0.67,0,2,1.193708609271523,4470.2,8.35,0,0.03225806451612903,False,False,True,False,False,False,False,False,False,0
32,109.4,150.7,48,6,0.41,0,30,1.3775137111517366,7233.599999999999,8.459999999999999,0,0.625,True,False,True,False,False,False,False,False,False,0
82,100.6,309.2,115,0,0.47,0,7,3.073558648111332,35558.0,0.0,1,0.06086956521739131,True,False,False,True,False,False,False,True,False,1
67,61.2,451.9,107,2,0.49,0,24,7.383986928104575,48353.299999999996,2.98,1,0.22429906542056074,True,False,True,False,False,False,False,False,True,1
66,60.3,314.4,86,3,0.76,0,24,5.213930348258707,27038.399999999998,5.28,1,0.27906976744186046,True,False,False,False,False,True,False,True,False,1
41,108.9,97.0,94,0,0.84,0,22,0.8907254361799816,9118.0,0.0,0,0.23404255319148937,False,False,True,False,False,False,False,False,False,0
80,57.8,23.7,77,4,0.63,0,18,0.4100346020761246,1824.8999999999999,6.52,1,0.23376623376623376,False,False,False,False,True,True,False,True,False,1
50,57.5,455.3,17,5,0.55,0,13,7.918260869565217,7740.1,7.75,0,0.7647058823529411,True,False,False,False,False,True,False,False,False,1
62,65.4,107.2,53,3,0.26,0,17,1.63914373088685,5681.6,3.7800000000000002,0,0.32075471698113206,True,False,False,True,False,False,True,True,False,0
55,54.8,119.8,79,0,0.6,1,20,2.186131386861314,9464.199999999999,0.0,1,0.25316455696202533,False,False,False,True,False,False,True,False,True,0
78,90.2,249.3,33,5,0.02,0,16,2.7638580931263856,8226.9,5.1,1,0.48484848484848486,False,True,False,False,False,True,False,True,False,1
61,92.1,257.2,91,6,0.53,0,29,2.792616720955483,23405.2,9.18,0,0.31868131868131866,True,False,True,False,False,True,False,False,True,1
64,76.2,447.6,94,0,0.82,0,14,5.874015748031496,42074.4,0.0,1,0.14893617021276595,True,False,False,True,False,False,True,False,False,0
60,71.3,305.9,33,5,0.6,0,16,4.290322580645161,10094.699999999999,8.0,0,0.48484848484848486,False,False,True,False,False,True,False,False,True,1
42,82.3,230.0,22,8,0.97,0,16,2.7946537059538277,5060.0,15.76,0,0.7272727272727273,False,False,False,False,False,False,True,False,True,0
20,87.1,42.3,27,4,0.64,1,9,0.4856486796785304,1142.1,6.5600000000000005,2,0.3333333333333333,False,False,False,True,False,False,True,True,False,0
39,109.4,195.0,82,1,0.94,0,5,1.7824497257769651,15990.0,1.94,0,0.06097560975609756,False,False,False,False,False,False,False,False,False,0
55,76.6,210.2,118,2,0.02,0,24,2.7441253263707575,24803.6,2.04,0,0.2033898305084746,False,True,False,False,False,False,True,True,False,0
85,107.1,190.1,44,4,0.88,0,17,1.7749766573295986,8364.4,7.52,2,0.38636363636363635,True,False,False,True,False,False,False,True,False,1
41,58.6,256.8,49,5,0.15,0,29,4.382252559726963,12583.2,5.75,0,0.5918367346938775,True,False,True,False,False,True,False,False,True,1
30,86.2,458.0,46,4,0.37,0,24,5.31322505800464,21068.0,5.48,0,0.5217391304347826,False,False,False,False,False,True,False,False,True,0
85,70.7,440.1,14,8,0.01,0,24,6.224893917963225,6161.400000000001,8.08,1,1.7142857142857142,True,False,False,False,True,False,True,False,True,0
66,80.3,23.7,34,5,0.06,0,15,0.29514321295143214,805.8,5.300000000000001,1,0.4411764705882353,False,True,False,False,False,False,False,False,True,0
22,72.6,526.1,6,3,0.54,0,14,7.246556473829202,3156.6000000000004,4.62,0,2.3333333333333335,True,False,False,False,False,False,True,True,False,1
57,82.6,396.0,75,6,0.64,1,21,4.7941888619854724,29700.0,9.84,1,0.28,False,False,False,False,False,False,True,False,True,0
54,65.5,460.5,32,1,0.23,0,8,7.030534351145038,14736.0,1.23,0,0.25,True,False,False,False,True,True,False,False,True,1
60,85.8,94.8,79,2,0.3,0,19,1.104895104895105,7489.2,2.6,0,0.24050632911392406,False,False,False,False,True,False,False,True,False,0
85,96.7,107.3,8,2,0.33,0,22,1.109617373319545,858.4,2.66,1,2.75,True,False,False,False,True,True,False,True,False,0
26,55.5,460.0,43,0,0.35,0,10,8.288288288288289,19780.0,0.0,1,0.23255813953488372,True,True,False,False,False,False,True,False,True,1
34,91.7,138.8,99,1,0.37,0,18,1.5136314067611778,13741.2,1.37,0,0.18181818181818182,True,False,False,False,True,True,False,False,True,0
55,63.8,549.8,27,3,0.2,0,7,8.617554858934168,14844.599999999999,3.5999999999999996,0,0.25925925925925924,False,False,False,False,False,False,False,False,True,0
22,84.3,416.8,117,8,0.86,0,8,4.944246737841044,48765.6,14.879999999999999,0,0.06837606837606838,False,False,False,False,True,False,True,False,False,1
39,65.3,452.8,9,5,0.44,1,10,6.934150076569679,4075.2000000000003,7.199999999999999,1,1.1111111111111112,True,False,False,True,False,False,False,True,False,0
46,73.8,93.1,27,0,0.24,1,15,1.2615176151761518,2513.7,0.0,2,0.5555555555555556,False,False,False,False,False,False,False,False,False,0
31,108.8,333.9,12,0,0.32,0,28,3.0689338235294117,4006.7999999999997,0.0,0,2.3333333333333335,False,False,False,True,False,False,True,False,True,1
55,70.2,577.5,96,8,0.88,0,7,8.226495726495726,55440.0,15.04,1,0.07291666666666667,True,False,False,False,True,False,False,False,False,1
61,92.4,234.0,10,1,0.27,0,22,2.5324675324675323,2340.0,1.27,0,2.2,True,False,False,False,False,False,True,False,False,0
73,105.6,552.8,65,0,0.06,0,29,5.234848484848484,35932.0,0.0,1,0.4461538461538462,True,False,False,False,False,False,False,False,False,1
37,64.4,225.2,68,0,0.63,1,23,3.496894409937888,15313.599999999999,0.0,1,0.3382352941176471,True,False,False,False,False,True,False,False,True,0
83,59.9,589.8,75,0,0.6,0,26,9.846410684474122,44235.0,0.0,1,0.3466666666666667,False,False,True,False,False,True,False,False,False,1
32,93.8,92.2,104,3,0.76,0,18,0.9829424307036247,9588.800000000001,5.28,0,0.17307692307692307,True,False,True,False,False,True,False,False,True,0
44,96.1,157.8,107,0,0.89,0,7,1.6420395421436007,16884.600000000002,0.0,0,0.06542056074766354,False,False,False,True,False,False,True,False,False,0
59,61.8,273.6,72,5,0.06,0,23,4.427184466019418,19699.2,5.300000000000001,0,0.3194444444444444,False,False,False,True,False,False,True,False,True,1
44,83.6,578.3,106,0,0.64,1,30,6.917464114832536,61299.799999999996,0.0,1,0.2830188679245283,True,False,False,False,False,True,False,False,True,1
51,67.1,45.3,63,3,0.21,0,30,0.6751117734724292,2853.8999999999996,3.63,0,0.47619047619047616,False,False,False,True,False,True,False,False,True,0
73,51.0,294.3,10,8,0.6,0,3,5.770588235294118,2943.0,12.8,1,0.3,False,False,False,True,False,False,True,False,True,1
79,105.9,36.6,42,5,0.36,0,4,0.34560906515580736,1537.2,6.799999999999999,1,0.09523809523809523,True,True,False,False,False,False,False,False,False,0
78,94.2,169.6,58,8,0.48,0,4,1.800424628450106,9836.8,11.84,1,0.06896551724137931,False,False,False,False,True,True,False,False,True,1
56,100.4,85.3,25,0,0.38,0,30,0.8496015936254979,2132.5,0.0,0,1.2,False,False,False,False,False,True,False,False,True,0
79,93.1,521.0,34,2,0.58,0,3,5.596133190118153,17714.0,3.16,1,0.08823529411764706,True,False,False,False,True,True,False,False,True,1
75,108.2,165.2,82,0,0.47,0,9,1.5268022181146024,13546.4,0.0,1,0.10975609756097561,True,False,False,False,False,False,True,True,False,1
33,61.2,160.2,73,5,0.97,1,8,2.617647058823529,11694.599999999999,9.85,1,0.1095890410958904,False,False,True,False,False,True,False,False,True,1
54,60.8,334.3,43,2,0.02,0,16,5.498355263157896,14374.9,2.04,0,0.37209302325581395,False,False,False,False,True,False,True,False,False,0
68,79.2,469.6,79,5,0.03,1,10,5.929292929292929,37098.4,5.15,2,0.12658227848101267,True,False,False,True,False,False,True,False,False,1
75,52.4,324.2,84,7,0.13,0,29,6.187022900763359,27232.8,7.909999999999999,1,0.34523809523809523,False,False,False,False,True,False,False,True,False,1
42,94.5,316.7,53,7,0.21,0,23,3.3513227513227513,16785.1,8.469999999999999,0,0.4339622641509434,False,False,False,False,False,True,False,False,False,0
19,79.7,290.1,80,7,0.33,0,28,3.639899623588457,23208.0,9.31,0,0.35,False,True,False,False,False,True,False,True,False,1
29,73.3,66.4,36,3,0.12,0,21,0.9058663028649387,2390.4,3.3600000000000003,0,0.5833333333333334,False,False,True,False,False,True,False,False,False,0
44,74.4,461.9,77,7,0.7,0,8,6.208333333333332,35566.299999999996,11.9,0,0.1038961038961039,True,False,False,False,True,False,True,False,False,1
31,80.0,141.7,119,5,0.97,0,2,1.7712499999999998,16862.3,9.85,0,0.01680672268907563,False,False,False,False,False,False,False,True,False,1
77,59.0,195.5,76,3,0.35,0,29,3.3135593220338984,14858.0,4.050000000000001,1,0.3815789473684211,False,False,True,False,False,True,False,False,True,1
36,83.6,307.3,42,6,0.1,0,12,3.6758373205741632,12906.6,6.6000000000000005,0,0.2857142857142857,True,False,False,True,False,False,True,False,True,0
80,63.4,505.2,113,1,0.54,1,29,7.968454258675079,57087.6,1.54,2,0.25663716814159293,True,False,True,False,False,False,True,True,False,0
51,106.0,100.2,69,5,0.9,0,4,0.9452830188679245,6913.8,9.5,0,0.057971014492753624,True,False,False,False,True,False,True,False,False,1
56,81.0,37.4,92,1,0.32,0,13,0.46172839506172836,3440.7999999999997,1.32,0,0.14130434782608695,False,True,False,False,False,False,True,False,False,0
49,81.6,34.5,119,2,0.27,0,28,0.4227941176470589,4105.5,2.54,0,0.23529411764705882,False,False,False,True,False,False,False,False,False,0
51,89.2,376.4,100,5,0.49,0,4,4.219730941704036,37640.0,7.45,0,0.04,False,False,True,False,False,False,True,True,False,1
83,51.0,315.3,37,5,0.23,0,28,6.182352941176471,11666.1,6.15,1,0.7567567567567568,False,True,False,False,False,True,False,False,True,0
68,84.8,371.2,42,3,0.91,0,16,4.377358490566038,15590.4,5.73,1,0.38095238095238093,False,False,True,False,False,False,True,False,True,0
40,70.9,380.6,17,6,0.47,0,22,5.368124118476728,6470.200000000001,8.82,0,1.2941176470588236,False,False,False,True,False,True,False,True,False,1
77,60.5,530.5,25,2,0.22,0,28,8.768595041322314,13262.5,2.44,1,1.12,False,True,False,False,False,False,True,True,False,1
54,76.3,511.6,47,6,0.12,0,20,6.705111402359109,24045.2,6.720000000000001,0,0.425531914893617,True,False,False,True,False,False,False,False,True,1
85,66.6,241.2,23,7,0.25,0,2,3.621621621621622,5547.599999999999,8.75,1,0.08695652173913043,False,False,True,False,False,True,False,True,False,1
61,104.8,389.8,116,1,0.15,0,28,3.7194656488549622,45216.8,1.15,0,0.2413793103448276,False,False,True,False,False,False,False,True,False,1
50,84.4,330.2,77,8,0.36,0,12,3.9123222748815163,25425.399999999998,10.879999999999999,0,0.15584415584415584,False,False,False,False,True,False,False,True,False,1
27,57.1,392.4,41,8,0.21,0,29,6.87215411558669,16088.4,9.68,0,0.7073170731707317,False,False,True,False,False,False,False,True,False,1
22,77.9,79.7,17,4,0.94,0,27,1.0231065468549423,1354.9,7.76,0,1.588235294117647,True,False,False,False,False,True,False,True,False,0
82,104.0,51.9,101,0,0.92,0,9,0.49903846153846154,5241.9,0.0,1,0.0891089108910891,False,False,False,True,False,True,False,False,True,1
47,63.4,59.9,17,0,0.74,0,28,0.944794952681388,1018.3,0.0,0,1.6470588235294117,True,False,False,False,False,False,True,False,False,0
38,91.8,334.1,49,6,0.19,1,28,3.6394335511982576,16370.900000000001,7.14,1,0.5714285714285714,False,True,False,False,False,True,False,False,False,1
33,96.4,507.0,90,4,0.17,0,17,5.259336099585062,45630.0,4.68,0,0.18888888888888888,False,False,False,False,True,True,False,False,True,0
49,58.9,223.5,51,4,0.24,0,22,3.794567062818336,11398.5,4.96,0,0.43137254901960786,False,False,False,False,False,False,True,True,False,0
79,62.6,260.4,11,1,0.44,0,20,4.159744408945686,2864.3999999999996,1.44,1,1.8181818181818181,True,False,False,False,True,False,False,False,False,1
24,85.9,328.0,80,7,0.38,0,18,3.818393480791618,26240.0,9.66,0,0.225,False,False,True,False,False,False,False,True,False,1
47,87.2,23.7,34,2,0.23,0,13,0.2717889908256881,805.8,2.46,0,0.38235294117647056,True,False,False,False,False,False,True,False,True,0
26,55.5,590.8,21,0,0.55,0,13,10.645045045045045,12406.8,0.0,0,0.6190476190476191,True,False,False,False,True,True,False,False,True,1
71,88.2,38.8,97,0,0.65,0,21,0.43990929705215415,3763.6,0.0,2,0.21649484536082475,True,False,False,False,True,False,True,True,False,1
41,108.3,152.8,35,1,0.22,0,24,1.4108956602031395,5348.0,1.22,1,0.6857142857142857,True,False,False,False,False,False,True,True,False,0
32,56.2,434.9,43,0,0.36,0,6,7.738434163701067,18700.7,0.0,0,0.13953488372093023,True,False,False,False,True,True,False,True,False,1
58,77.3,515.7,42,8,0.55,1,27,6.671410090556275,21659.4,12.4,1,0.6428571428571429,False,False,True,False,False,False,False,False,False,1
30,104.4,230.2,10,4,0.35,0,13,2.204980842911877,2302.0,5.4,0,1.3,True,True,False,False,False,True,False,True,False,0
29,92.3,468.2,18,3,0.95,0,23,5.0725893824485375,8427.6,5.85,0,1.2777777777777777,True,False,False,False,True,False,False,False,True,1
33,108.1,357.9,21,4,0.97,0,5,3.310823311748381,7515.9,7.88,0,0.23809523809523808,False,False,False,False,False,False,True,True,False,1
22,58.9,155.7,62,4,0.27,0,22,2.6434634974533107,9653.4,5.08,0,0.3548387096774194,True,False,True,False,False,True,False,True,False,0
57,64.5,582.1,100,2,0.79,0,27,9.024806201550389,58210.0,3.58,0,0.27,False,True,False,False,False,True,False,True,False,0
83,85.9,408.1,91,4,0.14,0,29,4.7508731082654245,37137.1,4.5600000000000005,1,0.31868131868131866,True,False,True,False,False,False,False,False,True,1
21,79.6,300.1,23,3,0.28,0,2,3.7701005025125633,6902.3,3.84,0,0.08695652173913043,False,True,False,False,False,False,True,False,True,0
52,108.8,173.5,51,0,0.11,0,12,1.5946691176470589,8848.5,0.0,0,0.23529411764705882,True,False,False,False,False,False,True,False,True,0
36,53.9,59.8,108,3,0.51,0,30,1.1094619666048238,6458.4,4.53,0,0.2777777777777778,False,False,False,False,False,False,True,False,True,0
60,99.3,65.3,71,5,0.31,0,22,0.6576032225579054,4636.3,6.550000000000001,1,0.30985915492957744,False,False,False,False,False,False,False,False,True,1
45,71.2,490.7,117,3,0.59,0,25,6.89185393258427,57411.9,4.77,0,0.21367521367521367,False,False,False,True,False,False,False,True,False,1
50,89.1,66.3,34,2,0.66,0,26,0.7441077441077442,2254.2,3.3200000000000003,0,0.7647058823529411,False,True,False,False,False,True,False,False,False,0
36,103.6,204.9,47,6,0.13,1,8,1.977799227799228,9630.300000000001,6.779999999999999,1,0.1702127659574468,True,False,True,False,False,False,False,False,True,1
69,82.9,254.4,50,0,0.96,0,1,3.06875753920386,12720.0,0.0,1,0.02,True,False,False,False,True,True,False,False,True,0
76,92.3,523.6,114,1,0.84,0,14,5.672806067172265,59690.4,1.8399999999999999,1,0.12280701754385964,True,False,True,False,False,False,False,False,True,1
32,67.6,272.5,73,0,0.29,0,13,4.031065088757397,19892.5,0.0,0,0.1780821917808219,True,False,False,False,False,True,False,False,False,0
48,94.2,272.2,106,3,0.87,0,14,2.8895966029723987,28853.199999999997,5.61,0,0.1320754716981132,True,False,True,False,False,False,False,True,False,0
82,90.7,167.6,97,8,0.13,1,15,1.8478500551267916,16257.199999999999,9.04,2,0.15463917525773196,True,False,False,False,False,True,False,True,False,1
85,107.6,41.7,84,1,0.87,1,18,0.38754646840148704,3502.8,1.87,2,0.21428571428571427,True,False,False,True,False,False,True,False,False,0
52,93.6,394.3,86,5,0.9,0,8,4.212606837606838,33909.8,9.5,0,0.09302325581395349,True,False,False,False,True,False,True,False,False,1
63,50.797,142.1,102,2,0.42,0,30,2.7974092958245564,14494.199999999999,2.84,0,0.29411764705882354,False,False,False,False,False,False,False,False,True,0
65,108.5,198.9,6,8,0.58,1,13,1.8331797235023042,1193.4,12.64,2,2.1666666666666665,True,False,False,False,False,True,False,False,False,1
38,86.0,391.5,6,4,0.17,0,1,4.5523255813953485,2349.0,4.68,0,0.16666666666666666,True,True,False,False,False,False,False,True,False,1
56,101.5,120.4,29,3,0.78,0,6,1.1862068965517243,3491.6000000000004,5.34,0,0.20689655172413793,False,True,False,False,False,False,True,True,False,0
25,62.7,273.8,87,6,0.79,0,10,4.36682615629984,23820.600000000002,10.74,0,0.11494252873563218,True,False,False,False,False,False,True,False,False,0
79,78.6,23.7,70,0,0.5,0,13,0.3015267175572519,1659.0,0.0,2,0.18571428571428572,False,False,True,False,False,False,True,False,True,1
36,76.9,307.5,49,5,0.99,0,28,3.998699609882965,15067.5,9.95,0,0.5714285714285714,True,False,False,False,False,True,False,False,False,1
64,55.6,393.8,59,3,0.16,0,18,7.08273381294964,23234.2,3.4799999999999995,0,0.3050847457627119,True,False,True,False,False,True,False,False,True,1
30,60.1,488.6,46,1,0.38,0,18,8.129783693843594,22475.600000000002,1.38,0,0.391304347826087,False,False,False,False,False,True,False,False,True,1
21,66.2,25.3,23,5,0.18,0,12,0.3821752265861027,581.9,5.8999999999999995,0,0.5217391304347826,False,False,False,False,True,False,True,False,False,0
80,109.3,119.0,83,4,0.35,0,8,1.088746569075938,9877.0,5.4,1,0.0963855421686747,True,False,False,False,True,False,True,True,False,1
68,98.7,272.2,51,1,0.53,1,22,2.757852077001013,13882.199999999999,1.53,2,0.43137254901960786,False,False,True,False,False,False,False,False,False,1
45,100.2,383.3,53,3,0.3,1,11,3.8253493013972055,20314.9,3.9000000000000004,1,0.20754716981132076,False,False,False,True,False,True,False,True,False,1
72,106.8,156.7,119,4,0.93,0,29,1.4672284644194755,18647.3,7.720000000000001,1,0.24369747899159663,True,False,False,False,False,False,True,True,False,1
39,93.3,336.6,20,0,0.65,0,1,3.6077170418006435,6732.0,0.0,0,0.05,True,False,False,False,False,False,True,False,True,0
55,96.6,451.4,90,3,0.38,0,25,4.6728778467908905,40626.0,4.14,0,0.2777777777777778,True,False,True,False,False,False,True,False,True,1
70,81.5,593.118,53,7,0.25,0,25,7.277521472392639,31435.254000000004,8.75,1,0.4716981132075472,True,False,False,False,False,False,True,False,True,0
18,57.6,27.5,21,0,0.04,0,4,0.4774305555555555,577.5,0.0,1,0.19047619047619047,True,False,True,False,False,False,False,False,True,0
60,88.1,289.5,58,7,0.36,1,7,3.2860385925085134,16791.0,9.52,1,0.1206896551724138,False,False,False,False,True,True,False,False,False,1
83,95.2,592.7,96,5,0.18,0,14,6.225840336134454,56899.200000000004,5.8999999999999995,1,0.14583333333333334,True,False,False,False,False,False,True,False,True,1
41,106.8,556.7,79,6,0.84,0,22,5.212546816479401,43979.3,11.04,0,0.27848101265822783,False,True,False,False,False,False,False,False,False,0
40,92.6,231.0,98,8,0.19,0,10,2.494600431965443,22638.0,9.52,0,0.10204081632653061,True,False,False,False,True,False,False,False,True,1
82,71.8,194.2,61,3,0.44,0,19,2.7047353760445683,11846.199999999999,4.32,1,0.3114754098360656,False,False,False,True,False,False,False,True,False,0
75,83.5,286.0,65,3,0.03,0,16,3.4251497005988023,18590.0,3.09,1,0.24615384615384617,True,False,False,False,False,True,False,False,True,1
83,55.7,375.2,12,5,0.18,0,17,6.736086175942549,4502.4,5.8999999999999995,1,1.4166666666666667,False,False,True,False,False,False,False,False,False,1
35,96.9,593.118,68,2,0.04,0,30,6.12092879256966,40332.024000000005,2.08,0,0.4411764705882353,True,False,False,True,False,False,False,False,True,1
85,70.2,504.3,109,2,0.27,0,6,7.183760683760684,54968.700000000004,2.54,1,0.05504587155963303,True,False,False,False,True,True,False,True,False,1
68,54.5,137.1,113,1,0.58,0,17,2.5155963302752293,15492.3,1.58,1,0.1504424778761062,True,False,False,False,False,False,False,True,False,1
31,76.1,106.7,118,8,0.23,1,16,1.402102496714849,12590.6,9.84,2,0.13559322033898305,False,False,True,False,False,False,True,True,False,1
76,81.2,319.3,81,4,0.79,0,26,3.9322660098522166,25863.3,7.16,2,0.32098765432098764,True,True,False,False,False,True,False,False,False,1
19,76.5,400.9,39,3,0.79,0,6,5.2405228758169935,15635.099999999999,5.37,0,0.15384615384615385,False,False,False,True,False,False,False,True,False,1
83,55.6,338.9,119,6,0.44,1,2,6.095323741007194,40329.1,8.64,2,0.01680672268907563,True,False,False,False,False,False,True,True,False,0
33,97.4,493.8,44,4,0.32,1,11,5.069815195071868,21727.2,5.28,1,0.25,True,False,False,False,False,False,True,False,False,1
33,67.3,265.1,43,7,0.27,0,16,3.939078751857356,11399.300000000001,8.89,0,0.37209302325581395,True,False,True,False,False,True,False,False,True,1
80,52.6,542.9,8,4,0.8,0,1,10.321292775665398,4343.2,7.2,2,0.125,True,True,False,False,False,False,True,True,False,1
84,51.3,159.9,106,6,0.46,0,20,3.1169590643274856,16949.4,8.76,1,0.18867924528301888,True,False,True,False,False,False,True,True,False,0
47,60.7,229.3,118,4,0.19,0,9,3.7775947281713345,27057.4,4.76,0,0.07627118644067797,True,False,False,False,True,True,False,False,False,0
25,77.2,331.3,117,7,0.13,0,14,4.291450777202073,38762.1,7.909999999999999,0,0.11965811965811966,False,True,False,False,False,True,False,True,False,1
76,89.5,46.9,52,2,0.51,0,3,0.524022346368715,2438.7999999999997,3.02,1,0.057692307692307696,True,False,False,True,False,False,False,False,False,0
48,100.7,490.0,89,3,0.34,0,27,4.865938430983118,43610.0,4.0200000000000005,0,0.30337078651685395,False,False,True,False,False,False,True,False,False,1
28,62.3,254.6,24,2,0.53,0,21,4.086677367576244,6110.4,3.06,0,0.875,False,False,False,True,False,False,True,False,False,0
61,59.1,421.3,82,8,0.55,0,14,7.128595600676819,34546.6,12.4,0,0.17073170731707318,True,False,False,False,False,False,True,False,False,1
43,96.3,28.7,111,4,0.01,0,2,0.2980269989615784,3185.7,4.04,0,0.018018018018018018,True,False,True,False,False,True,False,True,False,0
32,97.6,87.9,60,5,0.69,0,21,0.9006147540983608,5274.0,8.45,0,0.35,True,True,False,False,False,False,True,True,False,1
52,71.8,45.9,77,0,0.93,1,9,0.6392757660167131,3534.2999999999997,0.0,2,0.11688311688311688,False,False,False,False,True,False,True,False,False,0
79,82.5,75.6,78,2,0.01,0,16,0.9163636363636363,5896.799999999999,2.02,1,0.20512820512820512,False,False,True,False,False,False,True,True,False,1
42,62.4,397.8,25,1,0.68,0,12,6.375,9945.0,1.6800000000000002,0,0.48,False,False,False,False,True,False,True,True,False,1
69,102.4,373.0,50,2,0.66,1,6,3.642578125,18650.0,3.3200000000000003,2,0.12,True,False,False,False,False,False,True,False,True,1
52,102.4,593.118,36,3,0.86,0,25,5.79216796875,21352.248000000003,5.58,0,0.6944444444444444,False,False,False,False,True,False,False,False,True,1
38,57.8,439.1,92,1,0.05,0,12,7.5968858131487895,40397.200000000004,1.05,1,0.13043478260869565,False,False,False,True,False,False,True,True,False,1
39,101.1,57.9,44,2,0.78,0,19,0.5727002967359051,2547.6,3.56,0,0.4318181818181818,False,False,False,True,False,True,False,True,False,0
82,51.2,105.0,119,5,0.25,0,22,2.05078125,12495.0,6.25,1,0.18487394957983194,True,False,False,True,False,False,False,False,False,1
76,109.4,453.5,30,6,0.62,0,6,4.145338208409506,13605.0,9.72,2,0.2,True,False,False,False,True,True,False,False,False,1
63,81.8,150.8,66,1,0.5,0,12,1.8435207823960882,9952.800000000001,1.5,0,0.18181818181818182,False,False,False,False,False,True,False,True,False,0
77,74.6,187.5,23,3,0.91,0,19,2.5134048257372656,4312.5,5.73,1,0.8260869565217391,False,True,False,False,False,False,False,False,True,1
53,91.6,360.9,32,7,0.34,0,28,3.9399563318777293,11548.8,9.38,0,0.875,True,True,False,False,False,False,False,False,True,0
82,71.8,179.8,41,2,0.07,0,7,2.5041782729805018,7371.8,2.14,1,0.17073170731707318,True,False,True,False,False,False,True,True,False,0
59,60.1,335.5,59,1,0.43,0,26,5.582362728785357,19794.5,1.43,0,0.4406779661016949,False,False,False,True,False,False,False,False,False,1
52,51.1,545.0,39,7,0.46,0,10,10.665362035225048,21255.0,10.219999999999999,0,0.2564102564102564,True,False,False,True,False,True,False,False,True,0
73,85.4,250.0,51,6,0.23,0,1,2.9274004683840746,12750.0,7.38,1,0.0196078431372549,True,False,False,False,False,True,False,False,True,1
38,98.4,291.4,18,0,0.89,0,13,2.961382113821138,5245.2,0.0,0,0.7222222222222222,True,False,False,True,False,True,False,False,True,0
28,70.3,88.0,14,8,0.05,0,14,1.2517780938833571,1232.0,8.4,0,1.0,False,False,False,False,True,False,False,False,True,1
35,96.0,530.7,94,3,0.44,0,12,5.528125,49885.8,4.32,0,0.1276595744680851,True,False,False,False,False,True,False,False,False,0
33,55.1,527.0,27,2,0.55,0,9,9.56442831215971,14229.0,3.1,0,0.3333333333333333,False,False,False,False,False,True,False,True,False,1
61,86.0,260.2,82,6,0.86,0,14,3.025581395348837,21336.399999999998,11.16,0,0.17073170731707318,True,False,False,True,False,True,False,False,False,1
47,87.9,565.6,71,0,0.04,0,10,6.4345847554038675,40157.6,0.0,0,0.14084507042253522,True,False,False,False,True,False,False,True,False,1
66,57.3,292.5,45,3,0.38,0,6,5.104712041884817,13162.5,4.14,2,0.13333333333333333,True,False,True,False,False,False,True,False,True,0
55,57.4,63.8,82,0,0.83,0,15,1.1114982578397212,5231.599999999999,0.0,1,0.18292682926829268,True,False,False,True,False,True,False,True,False,0
33,93.2,512.6,105,4,0.51,0,15,5.5,53823.0,6.04,0,0.14285714285714285,False,False,False,False,True,False,False,False,True,0
30,88.3,284.9,35,8,0.17,0,6,3.2265005662514157,9971.5,9.36,0,0.17142857142857143,True,True,False,False,False,False,True,False,True,1
66,65.2,40.3,88,4,0.01,1,30,0.6180981595092024,3546.3999999999996,4.04,2,0.3409090909090909,True,True,False,False,False,False,False,False,True,1
31,79.2,254.3,55,8,0.57,0,24,3.210858585858586,13986.5,12.559999999999999,0,0.43636363636363634,True,False,False,False,False,False,False,False,True,1
41,71.0,499.2,117,0,0.9,0,28,7.030985915492957,58406.4,0.0,0,0.23931623931623933,True,False,False,False,False,True,False,True,False,1
62,96.7,166.8,64,2,0.12,0,2,1.7249224405377457,10675.2,2.24,0,0.03125,True,True,False,False,False,False,True,True,False,0
59,74.6,23.7,26,0,0.94,0,4,0.31769436997319034,616.1999999999999,0.0,0,0.15384615384615385,True,False,True,False,False,False,False,False,False,0
47,90.4,428.5,71,5,0.85,1,26,4.74004424778761,30423.5,9.25,1,0.36619718309859156,False,True,False,False,False,False,True,True,False,0
55,63.3,537.5,51,7,0.97,0,13,8.4913112164297,27412.5,13.79,0,0.2549019607843137,True,False,False,False,False,False,True,False,True,1
51,98.1,476.5,57,8,0.44,0,14,4.857288481141692,27160.5,11.52,0,0.24561403508771928,False,False,False,False,False,False,True,True,False,0
78,104.7,455.8,102,2,0.46,0,30,4.3533906399235915,46491.6,2.92,1,0.29411764705882354,True,False,False,False,False,True,False,True,False,1
70,53.3,202.0,12,0,0.88,0,27,3.7898686679174487,2424.0,0.0,1,2.25,False,False,False,False,True,False,False,False,False,1
34,91.0,480.0,106,3,0.21,0,14,5.274725274725275,50880.0,3.63,0,0.1320754716981132,False,False,False,True,False,False,False,False,True,1
38,100.9,180.1,74,1,0.11,0,26,1.7849355797819622,13327.4,1.11,0,0.35135135135135137,False,False,True,False,False,False,False,False,False,0
34,77.6,71.4,79,1,0.46,0,19,0.9201030927835053,5640.6,1.46,0,0.24050632911392406,False,False,False,False,True,False,True,False,False,0
27,58.1,463.2,100,2,0.19,0,10,7.9724612736660925,46320.0,2.38,0,0.1,False,False,False,False,False,False,False,True,False,0
57,101.3,217.8,37,2,0.03,0,18,2.15004935834156,8058.6,2.06,0,0.4864864864864865,True,False,False,False,True,True,False,False,False,0
30,67.1,80.0,115,5,0.71,0,22,1.1922503725782416,9200.0,8.55,0,0.19130434782608696,True,False,True,False,False,False,False,False,True,1
19,87.8,463.2,32,4,0.83,0,28,5.275626423690205,14822.4,7.32,0,0.875,True,False,True,False,False,True,False,True,False,0
57,76.8,112.2,29,1,0.24,0,17,1.4609375,3253.8,1.24,0,0.5862068965517241,True,False,True,False,False,False,True,False,False,0
29,94.5,315.2,28,3,0.96,0,21,3.3354497354497354,8825.6,5.88,0,0.75,False,False,False,False,True,False,False,False,True,1
75,78.3,443.5,84,8,0.16,1,15,5.664112388250319,37254.0,9.28,3,0.17857142857142858,False,False,False,False,False,False,True,False,False,1
80,78.2,377.8,28,1,0.46,1,12,4.831202046035806,10578.4,1.46,2,0.42857142857142855,False,False,False,False,False,True,False,True,False,1
65,80.9,194.5,63,1,0.67,0,14,2.404202719406675,12253.5,1.67,1,0.2222222222222222,False,False,True,False,False,True,False,True,False,0
65,105.3,158.1,98,4,0.72,0,9,1.5014245014245013,15493.8,6.88,2,0.09183673469387756,False,False,False,True,False,True,False,False,True,0
76,84.2,291.9,67,4,0.15,0,12,3.4667458432304032,19557.3,4.6,1,0.1791044776119403,True,True,False,False,False,False,True,True,False,1
68,73.7,183.8,96,8,0.48,0,24,2.4938941655359566,17644.800000000003,11.84,1,0.25,False,True,False,False,False,False,False,False,False,1
34,86.4,285.8,19,5,0.64,1,13,3.3078703703703702,5430.2,8.200000000000001,1,0.6842105263157895,False,False,False,False,False,False,False,False,True,1
55,106.5,82.6,90,2,0.88,0,22,0.7755868544600938,7433.999999999999,3.76,0,0.24444444444444444,True,False,False,False,False,False,True,True,False,0
64,103.2,67.7,51,1,0.11,0,11,0.6560077519379846,3452.7000000000003,1.11,0,0.21568627450980393,False,False,False,False,False,False,True,False,False,0
50,72.2,72.1,48,0,0.79,1,14,0.9986149584487534,3460.7999999999997,0.0,1,0.2916666666666667,True,True,False,False,False,False,False,False,True,0
49,62.6,250.2,119,6,0.33,0,15,3.996805111821086,29773.8,7.98,0,0.12605042016806722,False,False,False,False,True,True,False,False,True,1
55,78.2,335.3,47,3,0.76,0,27,4.28772378516624,15759.1,5.28,0,0.574468085106383,True,False,False,True,False,False,False,False,True,1
23,58.6,589.8,80,3,0.33,0,12,10.064846416382252,47184.0,3.99,0,0.15,False,True,False,False,False,True,False,False,True,0
36,94.4,281.3,52,6,0.38,1,11,2.979872881355932,14627.6,8.28,1,0.21153846153846154,True,False,False,True,False,True,False,False,False,1
24,73.5,110.1,86,2,0.88,0,2,1.4979591836734694,9468.6,3.76,0,0.023255813953488372,False,False,False,True,False,False,True,True,False,0
58,98.6,121.1,111,1,0.92,1,7,1.2281947261663286,13442.099999999999,1.92,1,0.06306306306306306,False,True,False,False,False,True,False,False,False,0
39,98.0,593.118,37,6,0.84,0,28,6.052224489795919,21945.366,11.04,0,0.7567567567567568,True,False,False,True,False,True,False,False,True,0
40,90.6,185.0,117,0,0.19,0,7,2.041942604856512,21645.0,0.0,0,0.05982905982905983,True,False,False,True,False,True,False,False,False,0
33,93.5,290.7,104,3,0.89,1,26,3.109090909090909,30232.8,5.67,2,0.25,False,False,False,False,True,False,False,True,False,0
52,81.7,549.8,119,2,0.74,0,18,6.729498164014687,65426.2,3.48,0,0.15126050420168066,True,False,False,False,True,False,True,False,False,0
39,50.9,491.6,44,5,0.4,0,11,9.658153241650295,21630.4,7.0,0,0.25,True,False,False,True,False,True,False,False,True,1
77,83.1,365.2,77,1,0.32,0,5,4.394705174488569,28120.399999999998,1.32,1,0.06493506493506493,True,False,False,True,False,True,False,True,False,0
41,88.2,448.5,19,1,0.63,0,13,5.085034013605442,8521.5,1.63,0,0.6842105263157895,False,False,False,True,False,True,False,True,False,0
74,51.1,169.3,89,4,0.63,1,30,3.3131115459882583,15067.7,6.52,2,0.33707865168539325,True,False,True,False,False,False,False,False,False,1
83,104.9,106.0,116,8,0.66,1,13,1.0104861773117253,12296.0,13.280000000000001,2,0.11206896551724138,True,True,False,False,False,False,False,False,False,1
77,73.5,56.2,17,5,0.63,0,24,0.7646258503401361,955.4000000000001,8.149999999999999,1,1.411764705882353,False,False,False,True,False,False,False,False,True,0
63,65.0,323.3,66,0,0.93,0,26,4.973846153846154,21337.8,0.0,0,0.3939393939393939,False,False,False,True,False,False,True,True,False,0
24,92.4,179.3,35,7,0.32,0,7,1.9404761904761905,6275.5,9.24,0,0.2,False,False,False,False,False,True,False,False,True,0
71,95.7,348.2,91,0,0.76,0,30,3.638453500522466,31686.2,0.0,1,0.32967032967032966,True,False,False,True,False,False,False,True,False,1
44,106.8,311.9,12,5,0.92,0,6,2.9204119850187267,3742.7999999999997,9.6,0,0.5,True,False,False,False,True,False,True,False,False,0
55,78.4,28.3,40,8,0.05,0,7,0.360969387755102,1132.0,8.4,0,0.175,True,True,False,False,False,True,False,False,True,1
50,63.3,394.6,71,3,0.26,0,4,6.233807266982623,28016.600000000002,3.7800000000000002,0,0.056338028169014086,False,False,True,False,False,True,False,False,True,0
39,94.9,421.4,97,6,0.1,0,20,4.4404636459430975,40875.799999999996,6.6000000000000005,0,0.20618556701030927,False,True,False,False,False,False,False,True,False,1
85,89.8,386.4,73,8,0.14,1,7,4.302895322939866,28207.199999999997,9.120000000000001,2,0.0958904109589041,True,False,False,False,False,False,True,True,False,1
31,53.8,486.1,116,3,0.9,0,29,9.035315985130113,56387.600000000006,5.699999999999999,0,0.25,False,False,False,True,False,False,False,False,True,1
33,100.6,23.7,56,3,0.38,0,22,0.2355864811133201,1327.2,4.14,1,0.39285714285714285,True,False,False,False,False,False,False,False,False,0
68,91.1,304.0,116,1,0.12,0,20,3.3369923161361146,35264.0,1.12,1,0.1724137931034483,True,False,False,True,False,True,False,True,False,1
23,63.1,304.4,16,2,0.36,0,5,4.824088748019017,4870.4,2.7199999999999998,0,0.3125,True,False,False,True,False,True,False,True,False,1
21,89.3,60.4,58,3,0.33,0,2,0.6763717805151176,3503.2,3.99,0,0.034482758620689655,True,False,False,False,True,True,False,False,False,0
32,107.6,208.3,52,2,0.79,0,3,1.9358736059479555,10831.6,3.58,0,0.057692307692307696,False,False,False,False,False,True,False,True,False,0
31,71.6,205.0,67,6,0.28,1,13,2.863128491620112,13735.0,7.68,1,0.19402985074626866,True,False,True,False,False,False,True,False,True,1
55,58.6,369.3,41,0,0.25,0,22,6.302047781569966,15141.300000000001,0.0,0,0.5365853658536586,False,False,False,True,False,False,False,False,True,1
41,77.8,488.0,108,6,0.79,0,9,6.272493573264781,52704.0,10.74,1,0.08333333333333333,True,False,False,False,False,True,False,True,False,1
20,56.1,553.6,20,7,0.1,0,12,9.868092691622104,11072.0,7.700000000000001,0,0.6,False,False,False,False,True,True,False,False,True,1
51,53.9,458.3,89,2,0.57,0,5,8.50278293135436,40788.700000000004,3.1399999999999997,0,0.056179775280898875,False,False,True,False,False,False,True,False,True,1
67,102.2,141.7,37,7,0.74,0,24,1.3864970645792563,5242.9,12.18,1,0.6486486486486487,False,False,True,False,False,False,False,False,True,1
34,104.2,386.1,84,7,0.26,0,19,3.7053742802303264,32432.4,8.82,0,0.2261904761904762,True,False,False,False,False,False,False,False,False,1
84,73.5,459.8,105,1,0.91,0,7,6.25578231292517,48279.0,1.9100000000000001,1,0.06666666666666667,True,False,False,False,True,False,True,False,True,1
85,77.0,506.6,81,0,0.28,0,15,6.57922077922078,41034.6,0.0,1,0.18518518518518517,False,False,False,False,False,False,True,False,True,0
31,95.8,260.5,6,7,0.97,0,27,2.719206680584551,1563.0,13.79,0,4.5,True,False,False,False,False,False,True,False,False,0
60,72.2,284.6,72,8,0.03,0,1,3.9418282548476458,20491.2,8.24,0,0.013888888888888888,True,False,False,False,False,False,False,False,True,1
47,55.6,323.2,29,8,0.07,0,3,5.812949640287769,9372.8,8.56,0,0.10344827586206896,False,False,False,True,False,False,True,False,True,0
75,88.2,533.3,65,6,0.12,0,9,6.046485260770974,34664.5,6.720000000000001,1,0.13846153846153847,True,True,False,False,False,True,False,False,False,1
30,63.8,334.3,63,5,0.31,0,21,5.239811912225706,21060.9,6.550000000000001,0,0.3333333333333333,False,False,False,True,False,True,False,False,False,0
27,108.5,473.3,8,7,0.86,0,24,4.36221198156682,3786.4,13.02,0,3.0,True,False,False,False,False,False,False,False,False,0
20,82.7,173.0,38,5,0.03,0,28,2.0918984280532045,6574.0,5.15,0,0.7368421052631579,True,False,True,False,False,True,False,False,False,1
72,85.9,464.5,111,8,0.73,0,14,5.407450523864959,51559.5,13.84,1,0.12612612612612611,True,False,False,True,False,False,False,True,False,0
66,80.6,523.5,70,5,0.34,0,22,6.495037220843673,36645.0,6.7,1,0.3142857142857143,True,False,False,False,True,False,True,True,False,1
63,77.3,314.3,39,0,0.28,0,24,4.0659767141009056,12257.7,0.0,0,0.6153846153846154,False,False,False,False,False,False,False,False,False,1
82,106.9,400.2,95,6,0.77,0,13,3.7436856875584654,38019.0,10.620000000000001,1,0.1368421052631579,False,False,True,False,False,False,False,False,False,0
69,89.5,321.1,117,2,0.06,1,15,3.587709497206704,37568.700000000004,2.12,2,0.1282051282051282,False,False,False,False,False,False,False,False,False,0
63,55.9,474.7,28,1,0.95,1,29,8.491949910554561,13291.6,1.95,2,1.0357142857142858,False,False,False,False,False,False,True,False,True,1
32,108.1,94.2,71,5,0.4,1,26,0.8714153561517114,6688.2,7.0,1,0.36619718309859156,True,False,False,False,False,True,False,False,False,0
77,66.6,313.0,64,3,0.81,1,17,4.6996996996997,20032.0,5.43,2,0.265625,False,True,False,False,False,True,False,False,False,0
